"medal_type","medal_date","athlete_name","discipline","event_name","country_long"
"Bronze ","2024-08-07","Spain","Artistic Swimming","Team","Spain"
"Gold ","2024-07-31","Lasha BEKAURI","Judo","Men -90 kg","Georgia"
"Bronze ","2024-07-31","Great Britain","Diving","Women's Synchronised 10m Platform","Great Britain"
"Gold ","2024-07-31","Korea","Fencing","Men's Sabre Team","Republic of Korea"
"Bronze ","2024-07-31","France","Fencing","Men's Sabre Team","France"
"Silver ","2024-07-31","Netherlands","Rowing","Women's Quadruple Sculls","Netherlands"
"Bronze ","2024-08-05","Sifan HASSAN","Athletics","Women's 5000m","Netherlands"
"Bronze ","2024-07-31","Germany","Rowing","Women's Quadruple Sculls","Germany"
"Gold ","2024-07-31","Adriana RUANO OLIVA","Shooting","Trap Women","Guatemala"
"Silver ","2024-07-31","Silvana Maria STANCO","Shooting","Trap Women","Italy"
"Bronze ","2024-07-31","David POPOVICI","Swimming","Men's 100m Freestyle","Romania"
"Gold ","2024-07-31","Leon MARCHAND","Swimming","Men's 200m Breaststroke","France"
"Silver ","2024-07-31","Zac STUBBLETY-COOK","Swimming","Men's 200m Breaststroke","Australia"
"Bronze ","2024-07-31","Caspar CORBEAU","Swimming","Men's 200m Breaststroke","Netherlands"
"Gold ","2024-07-31","Leon MARCHAND","Swimming","Men's 200m Butterfly","France"
"Silver ","2024-07-31","Kristof MILAK","Swimming","Men's 200m Butterfly","Hungary"
"Bronze ","2024-07-31","Ilya KHARUN","Swimming","Men's 200m Butterfly","Canada"
"Gold ","2024-08-03","CHEN/JIA","Badminton","Women's Doubles","People's Republic of China"
"Gold ","2024-07-31","Sarah SJOESTROEM","Swimming","Women's 100m Freestyle","Sweden"
"Gold ","2024-08-02","Cameron McEVOY","Swimming","Men's 50m Freestyle","Australia"
"Silver ","2024-08-02","Benjamin PROUD","Swimming","Men's 50m Freestyle","Great Britain"
"Bronze ","2024-08-02","Florent MANAUDOU","Swimming","Men's 50m Freestyle","France"
"Gold ","2024-08-02","Kaylee McKEOWN","Swimming","Women's 200m Backstroke","Australia"
"Silver ","2024-08-02","Regan SMITH","Swimming","Women's 200m Backstroke","United States of America"
"Bronze ","2024-08-02","Kylie MASSE","Swimming","Women's 200m Backstroke","Canada"
"Gold ","2024-08-02","SINIAKOVA/MACHAC","Tennis","Mixed Doubles","Czechia"
"Bronze ","2024-08-03","Beatriz Iasmin SOARES FERREIRA","Boxing","Women's 60kg","Brazil"
"Gold ","2024-08-03","Remco EVENEPOEL","Cycling Road","Men's Road Race","Belgium"
"Silver ","2024-08-03","Valentin MADOUAS","Cycling Road","Men's Road Race","France"
"Bronze ","2024-08-03","Great Britain","Equestrian","Dressage Team","Great Britain"
"Silver ","2024-08-03","Korea","Fencing","Women's Sabre Team","Republic of Korea"
"Bronze ","2024-08-04","Mykhaylo KOKHAN","Athletics","Men's Hammer Throw","Ukraine"
"Gold ","2024-08-04","Yaroslava MAHUCHIKH","Athletics","Women's High Jump","Ukraine"
"Gold ","2024-08-10","Tamirat TOLA","Athletics","Men's Marathon","Ethiopia"
"Silver ","2024-08-04","Nicola OLYSLAGERS","Athletics","Women's High Jump","Australia"
"Gold ","2024-08-10","Bakhodir JALOLOV","Boxing","Men's +92kg","Uzbekistan"
"Gold ","2024-08-08","New Zealand","Canoe Sprint","Women's Kayak Four 500m","New Zealand"
"Gold ","2024-07-28","KANO Koki","Fencing","Men's Épée Individual","Japan"
"Silver ","2024-07-28","Yannick BOREL","Fencing","Men's Épée Individual","France"
"Bronze ","2024-07-28","Mohamed ELSAYED","Fencing","Men's Épée Individual","Egypt"
"Silver ","2024-07-27","Luka MKHEIDZE","Judo","Men -60 kg","France"
"Silver ","2024-08-10","Italy","Cycling Track","Men's Madison","Italy"
"Gold ","2024-08-06","Camryn ROGERS","Athletics","Women's Hammer Throw","Canada"
"Silver ","2024-08-06","Annette Nneka ECHIKUNWOKE","Athletics","Women's Hammer Throw","United States of America"
"Silver ","2024-08-10","Brazil","Football","Women","Brazil"
"Gold ","2024-08-03","Germany","Equestrian","Dressage Team","Germany"
"Gold ","2024-08-03","Ryan CROUSER","Athletics","Men's Shot Put","United States of America"
"Silver ","2024-08-03","Joe KOVACS","Athletics","Men's Shot Put","United States of America"
"Gold ","2024-08-03","Julien ALFRED","Athletics","Women's 100m","Saint Lucia"
"Bronze ","2024-08-07","COWLEY R/MONTAG J","Athletics","Marathon Race Walk Relay Mixed","Australia"
"Gold ","2024-08-07","Soufiane EL BAKKALI","Athletics","Men's 3000m Steeplechase","Morocco"
"Bronze ","2024-08-07","Abraham KIBIWOT","Athletics","Men's 3000m Steeplechase","Kenya"
"Silver ","2024-08-09","Pedro PICHARDO","Athletics","Men's Triple Jump","Portugal"
"Silver ","2024-07-27","United States","Swimming","Women's 4 x 100m Freestyle Relay","United States of America"
"Bronze ","2024-07-27","China","Swimming","Women's 4 x 100m Freestyle Relay","People's Republic of China"
"Gold ","2024-07-27","Ariarne TITMUS","Swimming","Women's 400m Freestyle","Australia"
"Silver ","2024-07-27","Summer McINTOSH","Swimming","Women's 400m Freestyle","Canada"
"Bronze ","2024-07-27","Katie LEDECKY","Swimming","Women's 400m Freestyle","United States of America"
"Gold ","2024-07-28","Korea","Archery","Women's Team","Republic of Korea"
"Silver ","2024-07-28","China","Archery","Women's Team","People's Republic of China"
"Gold ","2024-07-28","Jessica FOX","Canoe Slalom","Women's Kayak Single","Australia"
"Silver ","2024-08-01","Netherlands","Rowing","Men's Double Sculls","Netherlands"
"Silver ","2024-08-09","Spencer Richard LEE","Wrestling","Men's Freestyle 57kg","United States of America"
"Gold ","2024-08-03","Romania","Rowing","Women's Eight","Romania"
"Silver ","2024-08-01","Italy","Fencing","Women's Foil Team","Italy"
"Bronze ","2024-08-04","David de PINA","Boxing","Men's 51kg","Cabo Verde"
"Bronze ","2024-08-03","Jasmine MOORE","Athletics","Women's Triple Jump","United States of America"
"Bronze ","2024-08-09","Aman AMAN","Wrestling","Men's Freestyle 57kg","India"
"Bronze ","2024-08-03","MATSUYAMA/SHIDA","Badminton","Women's Doubles","Japan"
"Silver ","2024-08-04","Isabell WERTH","Equestrian","Dressage Individual","Germany"
"Bronze ","2024-08-04","Charlotte FRY","Equestrian","Dressage Individual","Great Britain"
"Silver ","2024-08-04","Italy","Fencing","Men's Foil Team","Italy"
"Bronze ","2024-08-04","France","Fencing","Men's Foil Team","France"
"Gold ","2024-08-04","Scottie SCHEFFLER","Golf","Men's Individual Stroke Play","United States of America"
"Silver ","2024-08-04","Tommy FLEETWOOD","Golf","Men's Individual Stroke Play","Great Britain"
"Bronze ","2024-08-09","Germany","Football","Women","Germany"
"Gold ","2024-08-06","QUAN Hongchan","Diving","Women's 10m Platform","People's Republic of China"
"Silver ","2024-08-06","CHEN Yuxi","Diving","Women's 10m Platform","People's Republic of China"
"Bronze ","2024-08-06","KIM Mi Rae","Diving","Women's 10m Platform","Democratic People's Republic of Korea"
"Silver ","2024-08-06","Steve GUERDAT","Equestrian","Jumping Individual","Switzerland"
"Bronze ","2024-08-06","Maikel van der VLEUTEN","Equestrian","Jumping Individual","Netherlands"
"Gold ","2024-08-07","Roje STONA","Athletics","Men's Discus Throw","Jamaica"
"Silver ","2024-08-07","Mykolas ALEKNA","Athletics","Men's Discus Throw","Lithuania"
"Bronze ","2024-08-07","Matthew DENNY","Athletics","Men's Discus Throw","Australia"
"Gold ","2024-08-07","Nina KENNEDY","Athletics","Women's Pole Vault","Australia"
"Silver ","2024-08-07","Katie MOON","Athletics","Women's Pole Vault","United States of America"
"Bronze ","2024-08-07","Alysha NEWMAN","Athletics","Women's Pole Vault","Canada"
"Bronze ","2024-08-07","Nelvie Raman TIAFACK","Boxing","Men's +92kg","Germany"
"Bronze ","2024-08-07","Djamili-Dini ABOUDOU MOINDZE","Boxing","Men's +92kg","France"
"Gold ","2024-08-07","Erislandy ALVAREZ BORGES","Boxing","Men's 63.5kg","Cuba"
"Silver ","2024-08-07","Sofiane OUMIHA","Boxing","Men's 63.5kg","France"
"Gold ","2024-08-07","Oleksandr KHYZHNIAK","Boxing","Men's 80kg","Ukraine"
"Silver ","2024-08-07","Nurbek ORALBAY","Boxing","Men's 80kg","Kazakhstan"
"Silver ","2024-08-07","Great Britain","Cycling Track","Men's Team Pursuit","Great Britain"
"Bronze ","2024-08-07","Italy","Cycling Track","Men's Team Pursuit","Italy"
"Gold ","2024-08-07","United States","Cycling Track","Women's Team Pursuit","United States of America"
"Silver ","2024-08-07","New Zealand","Cycling Track","Women's Team Pursuit","New Zealand"
"Bronze ","2024-08-07","Great Britain","Cycling Track","Women's Team Pursuit","Great Britain"
"Bronze ","2024-08-07","Stefano PESCHIERA","Sailing","Men's Dinghy","Peru"
"Gold ","2024-08-07","Marit BOUWMEESTER","Sailing","Women's Dinghy","Netherlands"
"Silver ","2024-08-07","Anne-Marie RINDOM","Sailing","Women's Dinghy","Denmark"
"Silver ","2024-08-07","Tom SCHAAR","Skateboarding","Men's Park","United States of America"
"Bronze ","2024-07-27","Wout van AERT","Cycling Road","Men's Individual Time Trial","Belgium"
"Bronze ","2024-08-07","Augusto AKIO","Skateboarding","Men's Park","Brazil"
"Gold ","2024-08-07","Aleksandra MIROSLAW","Sport Climbing","Women's Speed","Poland"
"Silver ","2024-08-07","DENG Lijuan","Sport Climbing","Women's Speed","People's Republic of China"
"Bronze ","2024-08-07","Aleksandra KALUCKA","Sport Climbing","Women's Speed","Poland"
"Gold ","2024-08-07","PARK Taejoon","Taekwondo","Men -58kg","Republic of Korea"
"Silver ","2024-08-07","Gashim MAGOMEDOV","Taekwondo","Men -58kg","Azerbaijan"
"Bronze ","2024-08-07","Mohamed Khalil JENDOUBI","Taekwondo","Men -58kg","Tunisia"
"Gold ","2024-08-07","Panipak WONGPATTANAKIT","Taekwondo","Women -49kg","Thailand"
"Silver ","2024-08-07","GUO Qing","Taekwondo","Women -49kg","People's Republic of China"
"Bronze ","2024-08-07","Mobina NEMATZADEH","Taekwondo","Women -49kg","Islamic Republic of Iran"
"Gold ","2024-08-07","LI Fabin","Weightlifting","Men's 61kg","People's Republic of China"
"Silver ","2024-08-07","Theerapong SILACHAI","Weightlifting","Men's 61kg","Thailand"
"Bronze ","2024-08-07","Hampton MORRIS","Weightlifting","Men's 61kg","United States of America"
"Gold ","2024-08-07","HOU Zhihui","Weightlifting","Women's 49kg","People's Republic of China"
"Silver ","2024-08-07","Mihaela Valentina CAMBEI","Weightlifting","Women's 49kg","Romania"
"Bronze ","2024-08-07","Surodchana KHAMBAO","Weightlifting","Women's 49kg","Thailand"
"Gold ","2024-08-07","KUSAKA Nao","Wrestling","Men's Greco-Roman 77kg","Japan"
"Silver ","2024-08-07","Demeu ZHADRAYEV","Wrestling","Men's Greco-Roman 77kg","Kazakhstan"
"Bronze ","2024-08-07","Malkhas AMOYAN","Wrestling","Men's Greco-Roman 77kg","Armenia"
"Bronze ","2024-08-07","Akzhol MAKHMUDOV","Wrestling","Men's Greco-Roman 77kg","Kyrgyzstan"
"Gold ","2024-08-07","Mohammadhadi SARAVI","Wrestling","Men's Greco-Roman 97kg","Islamic Republic of Iran"
"Silver ","2024-08-07","Artur ALEKSANYAN","Wrestling","Men's Greco-Roman 97kg","Armenia"
"Bronze ","2024-08-07","Gabriel Alejandro ROSILLO KINDELAN","Wrestling","Men's Greco-Roman 97kg","Cuba"
"Bronze ","2024-08-07","Uzur DZHUZUPBEKOV","Wrestling","Men's Greco-Roman 97kg","Kyrgyzstan"
"Gold ","2024-08-07","Sarah Ann HILDEBRANDT","Wrestling","Women's Freestyle 50kg","United States of America"
"Silver ","2024-08-07","Yusneylis GUZMAN LOPEZ","Wrestling","Women's Freestyle 50kg","Cuba"
"Bronze ","2024-08-07","SUSAKI Yui","Wrestling","Women's Freestyle 50kg","Japan"
"Bronze ","2024-08-07","FENG Ziqi","Wrestling","Women's Freestyle 50kg","People's Republic of China"
"Gold ","2024-08-08","Grant HOLLOWAY","Athletics","Men's 110m Hurdles","United States of America"
"Silver ","2024-08-08","Daniel ROBERTS","Athletics","Men's 110m Hurdles","United States of America"
"Bronze ","2024-08-08","Rasheed BROADBELL","Athletics","Men's 110m Hurdles","Jamaica"
"Gold ","2024-08-08","Letsile TEBOGO","Athletics","Men's 200m","Botswana"
"Silver ","2024-08-08","Kenneth BEDNAREK","Athletics","Men's 200m","United States of America"
"Bronze ","2024-08-08","Noah LYLES","Athletics","Men's 200m","United States of America"
"Gold ","2024-08-08","Arshad NADEEM","Athletics","Men's Javelin Throw","Pakistan"
"Silver ","2024-08-08","Neeraj CHOPRA","Athletics","Men's Javelin Throw","India"
"Bronze ","2024-08-08","Anderson PETERS","Athletics","Men's Javelin Throw","Grenada"
"Gold ","2024-08-08","Sydney McLAUGHLIN-LEVRONE","Athletics","Women's 400m Hurdles","United States of America"
"Silver ","2024-08-08","Anna COCKRELL","Athletics","Women's 400m Hurdles","United States of America"
"Bronze ","2024-08-08","Femke BOL","Athletics","Women's 400m Hurdles","Netherlands"
"Gold ","2024-08-08","Tara DAVIS-WOODHALL","Athletics","Women's Long Jump","United States of America"
"Silver ","2024-08-08","Malaika MIHAMBO","Athletics","Women's Long Jump","Germany"
"Bronze ","2024-08-08","Jasmine MOORE","Athletics","Women's Long Jump","United States of America"
"Gold ","2024-08-08","Hasanboy DUSMATOV","Boxing","Men's 51kg","Uzbekistan"
"Silver ","2024-08-08","Billal BENNAMA","Boxing","Men's 51kg","France"
"Bronze ","2024-08-08","Charlie SENIOR","Boxing","Men's 57kg","Australia"
"Bronze ","2024-08-08","Javier IBANEZ DIAZ","Boxing","Men's 57kg","Bulgaria"
"Gold ","2024-08-08","CHANG Yuan","Boxing","Women's 54kg","People's Republic of China"
"Gold ","2024-08-07","Matt WEARN","Sailing","Men's Dinghy","Australia"
"Bronze ","2024-08-08","Caitlin PARKER","Boxing","Women's 75kg","Australia"
"Bronze ","2024-08-08","Cindy Winner DJANKEU NGAMBA","Boxing","Women's 75kg","Refugee Olympic Team"
"Gold ","2024-08-08","LIU/JI","Canoe Sprint","Men's Canoe Double 500m","People's Republic of China"
"Silver ","2024-08-08","CASADEI/TACCHINI","Canoe Sprint","Men's Canoe Double 500m","Italy"
"Bronze ","2024-08-08","MORENO/DOMINGUEZ","Canoe Sprint","Men's Canoe Double 500m","Spain"
"Silver ","2024-08-08","Australia","Canoe Sprint","Men's Kayak Four 500m","Australia"
"Silver ","2024-08-08","Germany","Canoe Sprint","Women's Kayak Four 500m","Germany"
"Bronze ","2024-08-08","Hungary","Canoe Sprint","Women's Kayak Four 500m","Hungary"
"Silver ","2024-08-08","Iuri LEITAO","Cycling Track","Men's Omnium","Portugal"
"Bronze ","2024-08-08","Fabio van den BOSSCHE","Cycling Track","Men's Omnium","Belgium"
"Gold ","2024-08-08","Ellesse ANDREWS","Cycling Track","Women's Keirin","New Zealand"
"Silver ","2024-08-08","Hetty van de WOUW","Cycling Track","Women's Keirin","Netherlands"
"Bronze ","2024-08-08","Emma FINUCANE","Cycling Track","Women's Keirin","Great Britain"
"Gold ","2024-08-08","XIE Siyi","Diving","Men's 3m Springboard","People's Republic of China"
"Silver ","2024-08-08","WANG Zongyuan","Diving","Men's 3m Springboard","People's Republic of China"
"Silver ","2024-08-08","Moesha JOHNSON","Marathon Swimming","Women's 10km","Australia"
"Bronze ","2024-08-08","Ginevra TADDEUCCI","Marathon Swimming","Women's 10km","Italy"
"Bronze ","2024-08-07","Lena STOJKOVIC","Taekwondo","Women -49kg","Croatia"
"Silver ","2024-08-08","OKADA/YOSHIOKA","Sailing","Mixed Dinghy","Japan"
"Bronze ","2024-08-08","DAHLBERG/KARLSSON","Sailing","Mixed Dinghy","Sweden"
"Gold ","2024-08-08","TITA/BANTI","Sailing","Mixed Multihull","Italy"
"Silver ","2024-08-08","MAJDALANI/BOSCO","Sailing","Mixed Multihull","Argentina"
"Bronze ","2024-08-08","WILKINSON/DAWSON","Sailing","Mixed Multihull","New Zealand"
"Gold ","2024-08-08","Eleanor ALDRIDGE","Sailing","Women's Kite","Great Britain"
"Bronze ","2024-08-08","Annelous LAMMERTS","Sailing","Women's Kite","Netherlands"
"Gold ","2024-08-08","Veddriq LEONARDO","Sport Climbing","Men's Speed","Indonesia"
"Silver ","2024-08-08","WU Peng","Sport Climbing","Men's Speed","People's Republic of China"
"Bronze ","2024-08-08","Sam WATSON","Sport Climbing","Men's Speed","United States of America"
"Bronze ","2024-08-09","Netherlands","Cycling Track","Women's Madison","Netherlands"
"Gold ","2024-08-09","CHEN Yiwen","Diving","Women's 3m Springboard","People's Republic of China"
"Silver ","2024-08-09","Maddison KEENEY","Diving","Women's 3m Springboard","Australia"
"Bronze ","2024-08-09","CHANG Yani","Diving","Women's 3m Springboard","People's Republic of China"
"Silver ","2024-08-09","China","Hockey","Women","People's Republic of China"
"Gold ","2024-08-09","Kristof RASOVSZKY","Marathon Swimming","Men's 10km","Hungary"
"Silver ","2024-08-09","Oliver KLEMET","Marathon Swimming","Men's 10km","Germany"
"Bronze ","2024-08-09","David BETLEHEM","Marathon Swimming","Men's 10km","Hungary"
"Gold ","2024-08-09","Valentin BONTUS","Sailing","Men's Kite","Austria"
"Bronze ","2024-08-09","Maximilian MAEDER","Sailing","Men's Kite","Singapore"
"Gold ","2024-08-09","Toby ROBERTS","Sport Climbing","Men's Boulder & Lead","Great Britain"
"Silver ","2024-08-09","ANRAKU Sorato","Sport Climbing","Men's Boulder & Lead","Japan"
"Bronze ","2024-08-09","Jakob SCHUBERT","Sport Climbing","Men's Boulder & Lead","Austria"
"Gold ","2024-08-09","China","Table Tennis","Men's Team","People's Republic of China"
"Gold ","2024-08-09","Firas KATOUSSI","Taekwondo","Men -80kg","Tunisia"
"Silver ","2024-08-09","Mehran BARKHORDARI","Taekwondo","Men -80kg","Islamic Republic of Iran"
"Bronze ","2024-08-09","Simone ALESSIO","Taekwondo","Men -80kg","Italy"
"Bronze ","2024-08-09","Edi HRNIC","Taekwondo","Men -80kg","Denmark"
"Gold ","2024-08-09","Viviana MARTON","Taekwondo","Women -67kg","Hungary"
"Silver ","2024-08-09","Aleksandra PERISIC","Taekwondo","Women -67kg","Serbia"
"Bronze ","2024-08-09","Kristina TEACHOUT","Taekwondo","Women -67kg","United States of America"
"Bronze ","2024-08-09","Sarah CHAARI","Taekwondo","Women -67kg","Belgium"
"Bronze ","2024-08-09","United States","Volleyball","Men","United States of America"
"Gold ","2024-08-09","Karlos May NASAR","Weightlifting","Men's 89kg","Bulgaria"
"Silver ","2024-08-09","Yeison LOPEZ","Weightlifting","Men's 89kg","Colombia"
"Bronze ","2024-08-09","Antonino PIZZOLATO","Weightlifting","Men's 89kg","Italy"
"Gold ","2024-08-09","Olivia REEVES","Weightlifting","Women's 71kg","United States of America"
"Silver ","2024-08-09","Mari Leivis SANCHEZ","Weightlifting","Women's 71kg","Colombia"
"Bronze ","2024-08-09","France","Table Tennis","Men's Team","France"
"Bronze ","2024-08-09","Angie Paola PALACIOS DAJOMES","Weightlifting","Women's 71kg","Ecuador"
"Gold ","2024-08-09","HIGUCHI Rei","Wrestling","Men's Freestyle 57kg","Japan"
"Bronze ","2024-08-10","Grant FISHER","Athletics","Men's 5000m","United States of America"
"Gold ","2024-08-10","Emmanuel WANYONYI","Athletics","Men's 800m","Kenya"
"Bronze ","2024-08-10","Djamel SEDJATI","Athletics","Men's 800m","Algeria"
"Silver ","2024-08-10","Shelby McEWEN","Athletics","Men's High Jump","United States of America"
"Bronze ","2024-08-10","Mutaz Essa BARSHIM","Athletics","Men's High Jump","Qatar"
"Silver ","2024-08-10","Bashir ABDI","Athletics","Men's Marathon","Belgium"
"Bronze ","2024-08-10","Benson KIPRUTO","Athletics","Men's Marathon","Kenya"
"Gold ","2024-08-10","Masai RUSSELL","Athletics","Women's 100m Hurdles","United States of America"
"Silver ","2024-08-10","Cyrena SAMBA-MAYELA","Athletics","Women's 100m Hurdles","France"
"Bronze ","2024-08-10","Jasmine CAMACHO-QUINN","Athletics","Women's 100m Hurdles","Puerto Rico"
"Gold ","2024-08-10","Faith KIPYEGON","Athletics","Women's 1500m","Kenya"
"Silver ","2024-08-10","Jessica HULL","Athletics","Women's 1500m","Australia"
"Bronze ","2024-08-10","Georgia BELL","Athletics","Women's 1500m","Great Britain"
"Gold ","2024-08-10","United States","Athletics","Women's 4 x 400m Relay","United States of America"
"Silver ","2024-08-10","Netherlands","Athletics","Women's 4 x 400m Relay","Netherlands"
"Bronze ","2024-08-10","Great Britain","Athletics","Women's 4 x 400m Relay","Great Britain"
"Silver ","2024-08-10","Ayoub GHADFA DRISSI EL AISSAOUI","Boxing","Men's +92kg","Spain"
"Gold ","2024-08-10","Abdumalik KHALOKOV","Boxing","Men's 57kg","Uzbekistan"
"Silver ","2024-08-10","Munarbek SEIITBEK UULU","Boxing","Men's 57kg","Kyrgyzstan"
"Gold ","2024-08-10","LIN Yu Ting","Boxing","Women's 57kg","Chinese Taipei"
"Bronze ","2024-08-10","VICTOR","Breaking","B-Boys","United States of America"
"Gold ","2024-08-10","Josef DOSTAL","Canoe Sprint","Men's Kayak Single 1000m","Czechia"
"Silver ","2024-08-10","Adam VARGA","Canoe Sprint","Men's Kayak Single 1000m","Hungary"
"Gold ","2024-08-10","Katie VINCENT","Canoe Sprint","Women's Canoe Single 200m","Canada"
"Silver ","2024-08-10","Nevin HARRISON","Canoe Sprint","Women's Canoe Single 200m","United States of America"
"Bronze ","2024-08-10","Yarisleidis CIRILO DUBOYS","Canoe Sprint","Women's Canoe Single 200m","Cuba"
"Gold ","2024-08-10","Lisa CARRINGTON","Canoe Sprint","Women's Kayak Single 500m","New Zealand"
"Silver ","2024-08-10","Tamara CSIPES","Canoe Sprint","Women's Kayak Single 500m","Hungary"
"Bronze ","2024-08-10","Emma Aastrand JORGENSEN","Canoe Sprint","Women's Kayak Single 500m","Denmark"
"Silver ","2024-08-10","TAMAI Rikuto","Diving","Men's 10m Platform","Japan"
"Bronze ","2024-08-10","Noah WILLIAMS","Diving","Men's 10m Platform","Great Britain"
"Gold ","2024-08-10","United States","Football","Women","United States of America"
"Gold ","2024-08-10","Lydia KO","Golf","Women's Individual Stroke Play","New Zealand"
"Silver ","2024-08-10","Esther HENSELEIT","Golf","Women's Individual Stroke Play","Germany"
"Bronze ","2024-08-10","LIN Xiyu Janet","Golf","Women's Individual Stroke Play","People's Republic of China"
"Gold ","2024-08-10","Ahmed ELGENDY","Modern Pentathlon","Men's Individual","Egypt"
"Silver ","2024-08-10","SATO Taishu","Modern Pentathlon","Men's Individual","Japan"
"Bronze ","2024-08-10","Giorgio MALAN","Modern Pentathlon","Men's Individual","Italy"
"Gold ","2024-08-10","Janja GARNBRET","Sport Climbing","Women's Boulder & Lead","Slovenia"
"Bronze ","2024-08-10","Jessica PILZ","Sport Climbing","Women's Boulder & Lead","Austria"
"Gold ","2024-08-10","China","Table Tennis","Women's Team","People's Republic of China"
"Bronze ","2024-08-10","Korea","Table Tennis","Women's Team","Republic of Korea"
"Gold ","2024-08-10","Arian SALIMI","Taekwondo","Men +80kg","Islamic Republic of Iran"
"Silver ","2024-08-10","Caden CUNNINGHAM","Taekwondo","Men +80kg","Great Britain"
"Bronze ","2024-08-10","Cheick Sallah CISSE","Taekwondo","Men +80kg","Côte d'Ivoire"
"Gold ","2024-08-11","Jennifer VALENTE","Cycling Track","Women's Omnium","United States of America"
"Bronze ","2024-08-11","Ally WOLLASTON","Cycling Track","Women's Omnium","New Zealand"
"Gold ","2024-08-11","Ellesse ANDREWS","Cycling Track","Women's Sprint","New Zealand"
"Silver ","2024-08-11","Lea FRIEDRICH","Cycling Track","Women's Sprint","Germany"
"Bronze ","2024-08-11","Emma FINUCANE","Cycling Track","Women's Sprint","Great Britain"
"Gold ","2024-08-11","Michelle GULYAS","Modern Pentathlon","Women's Individual","Hungary"
"Silver ","2024-08-06","Josh KERR","Athletics","Men's 1500m","Great Britain"
"Bronze ","2024-08-06","Yared NUGUSE","Athletics","Men's 1500m","United States of America"
"Gold ","2024-08-06","Miltiadis TENTOGLOU","Athletics","Men's Long Jump","Greece"
"Bronze ","2024-08-03","Korea","Judo","Mixed Team","Republic of Korea"
"Silver ","2024-08-06","Wayne PINNOCK","Athletics","Men's Long Jump","Jamaica"
"Bronze ","2024-08-07","Line Flem HOEST","Sailing","Women's Dinghy","Norway"
"Gold ","2024-08-07","Keegan PALMER","Skateboarding","Men's Park","Australia"
"Gold ","2024-07-29","Tatjana SMITH","Swimming","Women's 100m Breaststroke","South Africa"
"Silver ","2024-07-29","TANG Qianting","Swimming","Women's 100m Breaststroke","People's Republic of China"
"Gold ","2024-07-29","Mollie O'CALLAGHAN","Swimming","Women's 200m Freestyle","Australia"
"Silver ","2024-07-29","Ariarne TITMUS","Swimming","Women's 200m Freestyle","Australia"
"Bronze ","2024-07-29","HAUGHEY Siobhan Bernadette","Swimming","Women's 200m Freestyle","Hong Kong, China"
"Silver ","2024-07-31","Kieran Darren David REILLY","Cycling BMX Freestyle","Men's Park","Great Britain"
"Gold ","2024-08-11","LI Wenwen","Weightlifting","Women's +81kg","People's Republic of China"
"Silver ","2024-08-11","PARK Hyejeong","Weightlifting","Women's +81kg","Republic of Korea"
"Bronze ","2024-08-11","Emily CAMPBELL","Weightlifting","Women's +81kg","Great Britain"
"Bronze ","2024-08-11","Sebastian C RIVERA","Wrestling","Men's Freestyle 65kg","Puerto Rico"
"Bronze ","2024-08-11","Islam DUDAEV","Wrestling","Men's Freestyle 65kg","Albania"
"Gold ","2024-08-11","Akhmed TAZHUDINOV","Wrestling","Men's Freestyle 97kg","Bahrain"
"Silver ","2024-08-11","Givi MATCHARASHVILI","Wrestling","Men's Freestyle 97kg","Georgia"
"Bronze ","2024-08-11","Magomedkhan MAGOMEDOV","Wrestling","Men's Freestyle 97kg","Azerbaijan"
"Bronze ","2024-08-11","Amirali AZARPIRA","Wrestling","Men's Freestyle 97kg","Islamic Republic of Iran"
"Gold ","2024-08-11","KAGAMI Yuka","Wrestling","Women's Freestyle 76kg","Japan"
"Silver ","2024-08-11","Kennedy Alexis BLADES","Wrestling","Women's Freestyle 76kg","United States of America"
"Gold ","2024-08-10","People's Republic of China","Rhythmic Gymnastics","Group All-Around","People's Republic of China"
"Silver ","2024-08-10","Israel","Rhythmic Gymnastics","Group All-Around","Israel"
"Gold ","2024-08-09","VARFOLOMEEV Darja","Rhythmic Gymnastics","Individual All-Around","Germany"
"Silver ","2024-08-09","KALEYN Boryana","Rhythmic Gymnastics","Individual All-Around","Bulgaria"
"Bronze ","2024-08-09","RAFFAELI Sofia","Rhythmic Gymnastics","Individual All-Around","Italy"
"Gold ","2024-08-09","THIAM Nafissatou","Athletics","Women's Heptathlon","Belgium"
"Silver ","2024-08-09","JOHNSON-THOMPSON Katarina","Athletics","Women's Heptathlon","Great Britain"
"Bronze ","2024-08-09","VIDTS Noor","Athletics","Women's Heptathlon","Belgium"
"Silver ","2024-08-03","Netherlands","Rowing","Men's Eight","Netherlands"
"Silver ","2024-07-27","Anna HENDERSON","Cycling Road","Women's Individual Time Trial","Great Britain"
"Bronze ","2024-07-27","Chloe DYGERT","Cycling Road","Women's Individual Time Trial","United States of America"
"Gold ","2024-07-27","China","Diving","Women's Synchronised 3m Springboard","People's Republic of China"
"Silver ","2024-07-27","United States","Diving","Women's Synchronised 3m Springboard","United States of America"
"Bronze ","2024-07-27","Great Britain","Diving","Women's Synchronised 3m Springboard","Great Britain"
"Gold ","2024-08-03","Katie LEDECKY","Swimming","Women's 800m Freestyle","United States of America"
"Silver ","2024-08-03","Ariarne TITMUS","Swimming","Women's 800m Freestyle","Australia"
"Bronze ","2024-08-03","Paige MADDEN","Swimming","Women's 800m Freestyle","United States of America"
"Gold ","2024-08-03","CHEN Meng","Table Tennis","Women's Singles","People's Republic of China"
"Silver ","2024-08-03","SUN Yingsha","Table Tennis","Women's Singles","People's Republic of China"
"Bronze ","2024-08-03","Hina HAYATA","Table Tennis","Women's Singles","Japan"
"Silver ","2024-08-03","KRAJICEK/RAM","Tennis","Men's Doubles","United States of America"
"Bronze ","2024-08-03","FRITZ/PAUL","Tennis","Men's Doubles","United States of America"
"Bronze ","2024-08-03","Lorenzo MUSETTI","Tennis","Men's Singles","Italy"
"Gold ","2024-08-03","ZHENG Qinwen","Tennis","Women's Singles","People's Republic of China"
"Silver ","2024-08-03","Donna VEKIC","Tennis","Women's Singles","Croatia"
"Gold ","2024-08-04","KIM Woojin","Archery","Men's Individual","Republic of Korea"
"Silver ","2024-08-04","Brady ELLISON","Archery","Men's Individual","United States of America"
"Bronze ","2024-08-04","LEE Wooseok","Archery","Men's Individual","Republic of Korea"
"Gold ","2024-08-04","LIU Yang","Artistic Gymnastics","Men's Rings","People's Republic of China"
"Silver ","2024-08-04","ZOU Jingyuan","Artistic Gymnastics","Men's Rings","People's Republic of China"
"Bronze ","2024-08-04","Eleftherios PETROUNIAS","Artistic Gymnastics","Men's Rings","Greece"
"Gold ","2024-08-04","Carlos Edriel YULO","Artistic Gymnastics","Men's Vault","Philippines"
"Gold ","2024-08-01","LIU Yukun","Shooting","50m Rifle 3 Positions Men","People's Republic of China"
"Silver ","2024-08-01","Serhiy KULISH","Shooting","50m Rifle 3 Positions Men","Ukraine"
"Bronze ","2024-08-01","Swapnil KUSALE","Shooting","50m Rifle 3 Positions Men","India"
"Silver ","2024-08-01","Apostolos CHRISTOU","Swimming","Men's 200m Backstroke","Greece"
"Bronze ","2024-08-01","Roman MITYUKOV","Swimming","Men's 200m Backstroke","Switzerland"
"Gold ","2024-08-01","Kate DOUGLASS","Swimming","Women's 200m Breaststroke","United States of America"
"Silver ","2024-08-01","Tatjana SMITH","Swimming","Women's 200m Breaststroke","South Africa"
"Bronze ","2024-08-01","Tes SCHOUTEN","Swimming","Women's 200m Breaststroke","Netherlands"
"Bronze ","2024-08-11","Tatiana RENTERIA RENTERIA","Wrestling","Women's Freestyle 76kg","Colombia"
"Bronze ","2024-08-07","Nesthy PETECIO","Boxing","Women's 57kg","Philippines"
"Gold ","2024-08-07","Australia","Cycling Track","Men's Team Pursuit","Australia"
"Gold ","2024-08-10","AHMAN/HELLVIG","Beach Volleyball","Men","Sweden"
"Silver ","2024-08-09","Great Britain","Athletics","Women's 4 x 100m Relay","Great Britain"
"Bronze ","2024-08-09","Germany","Athletics","Women's 4 x 100m Relay","Germany"
"Gold ","2024-08-09","Marileidy PAULINO","Athletics","Women's 400m","Dominican Republic"
"Bronze ","2024-08-10","Denmark","Cycling Track","Men's Madison","Denmark"
"Gold ","2024-08-10","CAO Yuan","Diving","Men's 10m Platform","People's Republic of China"
"Bronze ","2024-08-02","Iga SWIATEK","Tennis","Women's Singles","Poland"
"Silver ","2024-08-04","Artur DAVTYAN","Artistic Gymnastics","Men's Vault","Armenia"
"Bronze ","2024-08-04","Harry HEPWORTH","Artistic Gymnastics","Men's Vault","Great Britain"
"Gold ","2024-08-04","Kaylia NEMOUR","Artistic Gymnastics","Women's Uneven Bars","Algeria"
"Silver ","2024-08-04","QIU Qiyuan","Artistic Gymnastics","Women's Uneven Bars","People's Republic of China"
"Bronze ","2024-08-04","Sunisa LEE","Artistic Gymnastics","Women's Uneven Bars","United States of America"
"Gold ","2024-08-04","Noah LYLES","Athletics","Men's 100m","United States of America"
"Bronze ","2024-08-04","Fred KERLEY","Athletics","Men's 100m","United States of America"
"Bronze ","2024-07-31","Beth POTTER","Triathlon","Women's Individual","Great Britain"
"Silver ","2024-08-05","CHO Yeongjae","Shooting","25m Rapid Fire Pistol Men","Republic of Korea"
"Gold ","2024-08-01","Simone BILES","Artistic Gymnastics","Women's All-Around","United States of America"
"Silver ","2024-08-01","Rebeca ANDRADE","Artistic Gymnastics","Women's All-Around","Brazil"
"Bronze ","2024-08-01","Sunisa LEE","Artistic Gymnastics","Women's All-Around","United States of America"
"Gold ","2024-08-01","Brian Daniel PINTADO","Athletics","Men's 20km Race Walk","Ecuador"
"Bronze ","2024-08-01","Alvaro MARTIN","Athletics","Men's 20km Race Walk","Spain"
"Gold ","2024-08-01","YANG Jiayu","Athletics","Women's 20km Race Walk","People's Republic of China"
"Silver ","2024-08-01","Maria PEREZ","Athletics","Women's 20km Race Walk","Spain"
"Gold ","2024-08-02","Korea","Archery","Mixed Team","Republic of Korea"
"Gold ","2024-08-08","VADLAU/MAEHR","Sailing","Mixed Dinghy","Austria"
"Bronze ","2024-08-02","United States","Archery","Mixed Team","United States of America"
"Gold ","2024-08-02","Joshua CHEPTEGEI","Athletics","Men's 10,000m","Uganda"
"Silver ","2024-08-02","Berihu AREGAWI","Athletics","Men's 10,000m","Ethiopia"
"Gold ","2024-07-29","Nicolas GESTIN","Canoe Slalom","Men's Canoe Single","France"
"Silver ","2024-07-29","Adam BURGESS","Canoe Slalom","Men's Canoe Single","Great Britain"
"Bronze ","2024-07-29","Matej BENUS","Canoe Slalom","Men's Canoe Single","Slovakia"
"Silver ","2024-07-29","France","Equestrian","Eventing Team","France"
"Silver ","2024-07-29","Katie GRIMES","Swimming","Women's 400m Individual Medley","United States of America"
"Bronze ","2024-07-29","Emma WEYANT","Swimming","Women's 400m Individual Medley","United States of America"
"Silver ","2024-07-28","Adam PEATY","Swimming","Men's 100m Breaststroke","Great Britain"
"Silver ","2024-07-28","Nic FINK","Swimming","Men's 100m Breaststroke","United States of America"
"Gold ","2024-07-28","Leon MARCHAND","Swimming","Men's 400m Individual Medley","France"
"Silver ","2024-07-28","MATSUSHITA Tomoyuki","Swimming","Men's 400m Individual Medley","Japan"
"Silver ","2024-07-31","Torri HUSKE","Swimming","Women's 100m Freestyle","United States of America"
"Bronze ","2024-07-31","HAUGHEY Siobhan Bernadette","Swimming","Women's 100m Freestyle","Hong Kong, China"
"Gold ","2024-07-31","Katie LEDECKY","Swimming","Women's 1500m Freestyle","United States of America"
"Silver ","2024-07-31","Anastasiia KIRPICHNIKOVA","Swimming","Women's 1500m Freestyle","France"
"Bronze ","2024-07-31","Isabel GOSE","Swimming","Women's 1500m Freestyle","Germany"
"Silver ","2024-07-31","Hayden WILDE","Triathlon","Men's Individual","New Zealand"
"Gold ","2024-07-31","Cassandre BEAUGRAND","Triathlon","Women's Individual","France"
"Silver ","2024-07-31","Julie DERRON","Triathlon","Women's Individual","Switzerland"
"Gold ","2024-08-02","Saya SAKAKIBARA","Cycling BMX Racing","Women","Australia"
"Silver ","2024-08-02","Manon VEENSTRA","Cycling BMX Racing","Women","Netherlands"
"Silver ","2024-08-02","McHARDIE/McKENZIE","Sailing","Men's Skiff","New Zealand"
"Bronze ","2024-08-02","BARROWS/HENKEN","Sailing","Men's Skiff","United States of America"
"Gold ","2024-08-02","AANHOLT/DUETZ","Sailing","Women's Skiff","Netherlands"
"Bronze ","2024-08-02","STEYAERT/PICON","Sailing","Women's Skiff","France"
"Gold ","2024-08-02","Chiara LEONE","Shooting","50m Rifle 3 Positions Women","Switzerland"
"Silver ","2024-08-02","Sagen MADDALENA","Shooting","50m Rifle 3 Positions Women","United States of America"
"Bronze ","2024-08-02","ZHANG Qiongyue","Shooting","50m Rifle 3 Positions Women","People's Republic of China"
"Gold ","2024-08-02","Leon MARCHAND","Swimming","Men's 200m Individual Medley","France"
"Silver ","2024-08-02","Duncan SCOTT","Swimming","Men's 200m Individual Medley","Great Britain"
"Bronze ","2024-08-02","WANG Shun","Swimming","Men's 200m Individual Medley","People's Republic of China"
"Gold ","2024-08-01","United States","Rowing","Men's Four","United States of America"
"Silver ","2024-08-05","United States 1","Shooting","Skeet Mixed Team","United States of America"
"Bronze ","2024-08-05","China","Shooting","Skeet Mixed Team","People's Republic of China"
"Silver ","2024-08-05","Jack ROBINSON","Surfing","Men","Australia"
"Gold ","2024-08-05","Caroline MARKS","Surfing","Women","United States of America"
"Silver ","2024-08-05","Tatiana WESTON-WEBB","Surfing","Women","Brazil"
"Bronze ","2024-08-05","Johanne DEFAY","Surfing","Women","France"
"Silver ","2024-08-05","United States","Triathlon","Mixed Relay","United States of America"
"Bronze ","2024-08-05","Great Britain","Triathlon","Mixed Relay","Great Britain"
"Gold ","2024-08-06","Cole HOCKER","Athletics","Men's 1500m","United States of America"
"Bronze ","2024-07-31","Anthony JEANJEAN","Cycling BMX Freestyle","Men's Park","France"
"Gold ","2024-08-03","Oliver ZEIDLER","Rowing","Men's Single Sculls","Germany"
"Silver ","2024-08-03","Yauheni ZALATY","Rowing","Men's Single Sculls","AIN"
"Bronze ","2024-08-03","Simon van DORP","Rowing","Men's Single Sculls","Netherlands"
"Bronze ","2024-08-03","Great Britain","Rowing","Women's Eight","Great Britain"
"Gold ","2024-08-03","Karolien FLORIJN","Rowing","Women's Single Sculls","Netherlands"
"Silver ","2024-08-03","Emma TWIGG","Rowing","Women's Single Sculls","New Zealand"
"Bronze ","2024-07-27","Italy","Swimming","Men's 4 x 100m Freestyle Relay","Italy"
"Gold ","2024-08-10","LI Qian","Boxing","Women's 75kg","People's Republic of China"
"Silver ","2024-08-10","Atheyna Bibeichi BYLON","Boxing","Women's 75kg","Panama"
"Silver ","2024-07-31","Kyle CHALMERS","Swimming","Men's 100m Freestyle","Australia"
"Gold ","2024-07-31","China","Diving","Women's Synchronised 10m Platform","People's Republic of China"
"Bronze ","2024-07-29","Luke HOBSON","Swimming","Men's 200m Freestyle","United States of America"
"Gold ","2024-07-29","Summer McINTOSH","Swimming","Women's 400m Individual Medley","Canada"
"Gold ","2024-07-30","United States","Artistic Gymnastics","Women's Team","United States of America"
"Gold ","2024-07-28","Lee KIEFER","Fencing","Women's Foil Individual","United States of America"
"Bronze ","2024-08-11","United States","Water Polo","Men","United States of America"
"Gold ","2024-07-27","KONG Man Wai Vivian","Fencing","Women's Épée Individual","Hong Kong, China"
"Silver ","2024-07-27","Auriane MALLO-BRETON","Fencing","Women's Épée Individual","France"
"Bronze ","2024-07-27","Eszter MUHARI","Fencing","Women's Épée Individual","Hungary"
"Bronze ","2024-07-27","NAGAYAMA Ryuju","Judo","Men -60 kg","Japan"
"Bronze ","2024-07-29","Nyjah HUSTON","Skateboarding","Men's Street","United States of America"
"Gold ","2024-08-08","Germany","Canoe Sprint","Men's Kayak Four 500m","Germany"
"Gold ","2024-08-04","Ethan KATZBERG","Athletics","Men's Hammer Throw","Canada"
"Gold ","2024-07-29","China","Diving","Men's Synchronised 10m Platform","People's Republic of China"
"Silver ","2024-07-29","Great Britain","Diving","Men's Synchronised 10m Platform","Great Britain"
"Gold ","2024-07-29","Michael JUNG","Equestrian","Eventing Individual","Germany"
"Silver ","2024-08-10","Ronald KWEMOI","Athletics","Men's 5000m","Kenya"
"Bronze ","2024-07-31","Gabriella WILLEMS","Judo","Women -70 kg","Belgium"
"Gold ","2024-07-31","Netherlands","Rowing","Men's Quadruple Sculls","Netherlands"
"Silver ","2024-07-31","Italy","Rowing","Men's Quadruple Sculls","Italy"
"Bronze ","2024-07-31","Poland","Rowing","Men's Quadruple Sculls","Poland"
"Gold ","2024-08-02","Beatriz SOUZA","Judo","Women +78 kg","Brazil"
"Bronze ","2024-08-03","United States","Rowing","Men's Eight","United States of America"
"Bronze ","2024-08-02","Zoe CLAESSENS","Cycling BMX Racing","Women","Switzerland"
"Gold ","2024-08-02","China","Diving","Men's Synchronised 3m Springboard","People's Republic of China"
"Silver ","2024-08-02","Mexico","Diving","Men's Synchronised 3m Springboard","Mexico"
"Bronze ","2024-08-02","Great Britain","Diving","Men's Synchronised 3m Springboard","Great Britain"
"Silver ","2024-07-27","Filippo GANNA","Cycling Road","Men's Individual Time Trial","Italy"
"Gold ","2024-08-02","Great Britain","Equestrian","Jumping Team","Great Britain"
"Silver ","2024-08-02","United States","Equestrian","Jumping Team","United States of America"
"Bronze ","2024-08-02","France","Equestrian","Jumping Team","France"
"Gold ","2024-08-02","Hungary","Fencing","Men's Épée Team","Hungary"
"Silver ","2024-08-02","Japan","Fencing","Men's Épée Team","Japan"
"Bronze ","2024-07-29","Canada","Diving","Men's Synchronised 10m Platform","Canada"
"Bronze ","2024-08-02","Czechia","Fencing","Men's Épée Team","Czechia"
"Silver ","2024-08-02","KIM Minjong","Judo","Men +100 kg","Republic of Korea"
"Bronze ","2024-08-02","Temur RAKHIMOV","Judo","Men +100 kg","Tajikistan"
"Bronze ","2024-08-02","Alisher YUSUPOV","Judo","Men +100 kg","Uzbekistan"
"Bronze ","2024-08-04","Davlat BOLTAEV","Boxing","Men's 92kg","Tajikistan"
"Gold ","2024-08-05","Germany","3x3 Basketball","Women","Germany"
"Bronze ","2024-08-05","United States","3x3 Basketball","Women","United States of America"
"Gold ","2024-08-05","OKA Shinnosuke","Artistic Gymnastics","Men's Horizontal Bar","Japan"
"Silver ","2024-08-05","Angel BARAJAS","Artistic Gymnastics","Men's Horizontal Bar","Colombia"
"Gold ","2024-08-06","Netherlands","Cycling Track","Men's Team Sprint","Netherlands"
"Bronze ","2024-08-05","ZHANG Boheng","Artistic Gymnastics","Men's Horizontal Bar","People's Republic of China"
"Bronze ","2024-08-05","TANG Chia-Hung","Artistic Gymnastics","Men's Horizontal Bar","Chinese Taipei"
"Gold ","2024-08-05","ZOU Jingyuan","Artistic Gymnastics","Men's Parallel Bars","People's Republic of China"
"Silver ","2024-07-31","MURAO Sanshiro","Judo","Men -90 kg","Japan"
"Gold ","2024-08-11","Serbia","Water Polo","Men","Serbia"
"Gold ","2024-08-02","Teddy RINER","Judo","Men +100 kg","France"
"Bronze ","2024-07-31","Maxime-Gael NGAYAP HAMBOU","Judo","Men -90 kg","France"
"Bronze ","2024-07-31","Theodoros TSELIDIS","Judo","Men -90 kg","Greece"
"Silver ","2024-07-31","Miriam BUTKEREIT","Judo","Women -70 kg","Germany"
"Bronze ","2024-07-31","Michaela POLLERES","Judo","Women -70 kg","Austria"
"Bronze ","2024-08-04","MATSUYAMA Hideki","Golf","Men's Individual Stroke Play","Japan"
"Gold ","2024-08-04","Francisca CROVETTO CHADID","Shooting","Skeet Women","Chile"
"Silver ","2024-08-02","Great Britain","Rowing","Men's Pair","Great Britain"
"Silver ","2024-08-01","Caio BONFIM","Athletics","Men's 20km Race Walk","Brazil"
"Silver ","2024-08-04","Amber Jo RUTTER","Shooting","Skeet Women","Great Britain"
"Bronze ","2024-08-04","Austen Jewell SMITH","Shooting","Skeet Women","United States of America"
"Bronze ","2024-08-10","Netherlands","Artistic Swimming","Duet","Netherlands"
"Gold ","2024-08-04","Bobby FINKE","Swimming","Men's 1500m Freestyle","United States of America"
"Gold ","2024-08-04","ERRANI/PAOLINI","Tennis","Women's Doubles","Italy"
"Silver ","2024-08-04","ANDREEVA/SHNAIDER","Tennis","Women's Doubles","AIN"
"Bronze ","2024-08-04","BUCSA/SORRIBES TORMO","Tennis","Women's Doubles","Spain"
"Gold ","2024-08-05","Netherlands","3x3 Basketball","Men","Netherlands"
"Bronze ","2024-07-31","Leo BERGERE","Triathlon","Men's Individual","France"
"Gold ","2024-08-04","Sarah SJOESTROEM","Swimming","Women's 50m Freestyle","Sweden"
"Silver ","2024-08-04","Meg HARRIS","Swimming","Women's 50m Freestyle","Australia"
"Bronze ","2024-08-04","ZHANG Yufei","Swimming","Women's 50m Freestyle","People's Republic of China"
"Gold ","2024-08-04","FAN Zhendong","Table Tennis","Men's Singles","People's Republic of China"
"Silver ","2024-08-04","Truls MOREGARD","Table Tennis","Men's Singles","Sweden"
"Bronze ","2024-08-04","Felix LEBRUN","Table Tennis","Men's Singles","France"
"Bronze ","2024-08-02","DABROWSKI/AUGER-ALIAS","Tennis","Mixed Doubles","Canada"
"Gold ","2024-08-05","Armand DUPLANTIS","Athletics","Men's Pole Vault","Sweden"
"Bronze ","2024-07-29","United States","Artistic Gymnastics","Men's Team","United States of America"
"Bronze ","2024-08-09","Gulomjon ABDULLAEV","Wrestling","Men's Freestyle 57kg","Uzbekistan"
"Gold ","2024-08-09","Magomed Eldarovitch RAMAZANOV","Wrestling","Men's Freestyle 86kg","Bulgaria"
"Silver ","2024-08-09","Hassan YAZDANICHARATI","Wrestling","Men's Freestyle 86kg","Islamic Republic of Iran"
"Bronze ","2024-08-09","Aaron Marquel BROOKS","Wrestling","Men's Freestyle 86kg","United States of America"
"Bronze ","2024-08-09","Dauren KURUGLIEV","Wrestling","Men's Freestyle 86kg","Greece"
"Gold ","2024-08-09","SAKURAI Tsugumi","Wrestling","Women's Freestyle 57kg","Japan"
"Silver ","2024-08-09","Anastasia NICHITA","Wrestling","Women's Freestyle 57kg","Republic of Moldova"
"Bronze ","2024-08-09","Helen Louise MAROULIS","Wrestling","Women's Freestyle 57kg","United States of America"
"Bronze ","2024-08-09","HONG Kexin","Wrestling","Women's Freestyle 57kg","People's Republic of China"
"Gold ","2024-07-27","Grace BROWN","Cycling Road","Women's Individual Time Trial","Australia"
"Gold ","2024-08-10","China","Artistic Swimming","Duet","People's Republic of China"
"Silver ","2024-08-10","Great Britain","Artistic Swimming","Duet","Great Britain"
"Gold ","2024-08-10","United States","Athletics","Men's 4 x 400m Relay","United States of America"
"Silver ","2024-08-10","Botswana","Athletics","Men's 4 x 400m Relay","Botswana"
"Bronze ","2024-08-10","Great Britain","Athletics","Men's 4 x 400m Relay","Great Britain"
"Gold ","2024-08-10","Jakob INGEBRIGTSEN","Athletics","Men's 5000m","Norway"
"Bronze ","2024-08-03","WU Shih Yi","Boxing","Women's 60kg","Chinese Taipei"
"Bronze ","2024-08-05","Germany","Cycling Track","Women's Team Sprint","Germany"
"Silver ","2024-08-05","Simone BILES","Artistic Gymnastics","Women's Floor Exercise","United States of America"
"Silver ","2024-08-05","Sam KENDRICKS","Athletics","Men's Pole Vault","United States of America"
"Bronze ","2024-08-05","Emmanouil KARALIS","Athletics","Men's Pole Vault","Greece"
"Gold ","2024-08-05","Keely HODGKINSON","Athletics","Women's 800m","Great Britain"
"Gold ","2024-07-29","Thomas PIDCOCK","Cycling Mountain Bike","Men's Cross-country","Great Britain"
"Silver ","2024-07-29","Victor KORETZKY","Cycling Mountain Bike","Men's Cross-country","France"
"Bronze ","2024-07-29","Alan HATHERLY","Cycling Mountain Bike","Men's Cross-country","South Africa"
"Silver ","2024-08-07","United States","Artistic Swimming","Team","United States of America"
"Gold ","2024-08-07","MARTIN A/PEREZ M","Athletics","Marathon Race Walk Relay Mixed","Spain"
"Silver ","2024-08-07","PINTADO B/MOREJON G","Athletics","Marathon Race Walk Relay Mixed","Ecuador"
"Bronze ","2024-08-03","Jake JARMAN","Artistic Gymnastics","Men's Floor Exercise","Great Britain"
"Gold ","2024-08-03","Rhys MC CLENAGHAN","Artistic Gymnastics","Men's Pommel Horse","Ireland"
"Silver ","2024-08-03","Nariman KURBANOV","Artistic Gymnastics","Men's Pommel Horse","Kazakhstan"
"Bronze ","2024-08-03","Stephen NEDOROSCIK","Artistic Gymnastics","Men's Pommel Horse","United States of America"
"Gold ","2024-08-03","Simone BILES","Artistic Gymnastics","Women's Vault","United States of America"
"Silver ","2024-08-03","Rebeca ANDRADE","Artistic Gymnastics","Women's Vault","Brazil"
"Bronze ","2024-08-03","Jade CAREY","Artistic Gymnastics","Women's Vault","United States of America"
"Gold ","2024-08-03","Netherlands","Athletics","4 x 400m Relay Mixed","Netherlands"
"Silver ","2024-08-03","United States","Athletics","4 x 400m Relay Mixed","United States of America"
"Gold ","2024-08-05","Valarie ALLMAN","Athletics","Women's Discus Throw","United States of America"
"Silver ","2024-08-05","FENG Bin","Athletics","Women's Discus Throw","People's Republic of China"
"Bronze ","2024-08-05","Sandra ELKASEVIC","Athletics","Women's Discus Throw","Croatia"
"Gold ","2024-08-05","Viktor AXELSEN","Badminton","Men's Singles","Denmark"
"Silver ","2024-08-05","Kunlavut VITIDSARN","Badminton","Men's Singles","Thailand"
"Bronze ","2024-08-05","Zii Jia LEE","Badminton","Men's Singles","Malaysia"
"Gold ","2024-08-05","AN Se Young","Badminton","Women's Singles","Republic of Korea"
"Silver ","2024-08-05","HE Bing Jiao","Badminton","Women's Singles","People's Republic of China"
"Bronze ","2024-07-29","Nick ITKIN","Fencing","Men's Foil Individual","United States of America"
"Bronze ","2024-08-05","Mary MORAA","Athletics","Women's 800m","Kenya"
"Gold ","2024-07-29","Manon APITHY-BRUNET","Fencing","Women's Sabre Individual","France"
"Silver ","2024-07-29","Sara BALZER","Fencing","Women's Sabre Individual","France"
"Silver ","2024-08-11","Elodie CLOUVEL","Modern Pentathlon","Women's Individual","France"
"Bronze ","2024-08-11","SEONG Seungmin","Modern Pentathlon","Women's Individual","Republic of Korea"
"Silver ","2024-08-03","Conner Lynn PRINCE","Shooting","Skeet Men","United States of America"
"Bronze ","2024-08-03","LEE Meng Yuan","Shooting","Skeet Men","Chinese Taipei"
"Gold ","2024-08-03","Kristof MILAK","Swimming","Men's 100m Butterfly","Hungary"
"Silver ","2024-08-03","Josh LIENDO","Swimming","Men's 100m Butterfly","Canada"
"Bronze ","2024-08-07","Cyrian RAVET","Taekwondo","Men -58kg","France"
"Gold ","2024-07-31","Alex YEE","Triathlon","Men's Individual","Great Britain"
"Gold ","2024-08-02","BOTIN/TRITTEL","Sailing","Men's Skiff","Spain"
"Silver ","2024-08-01","New Zealand","Rowing","Men's Four","New Zealand"
"Bronze ","2024-08-11","Australia","Basketball","Women","Australia"
"Silver ","2024-07-27","Fares FERJANI","Fencing","Men's Sabre Individual","Tunisia"
"Gold ","2024-08-05","Finn BUTCHER","Canoe Slalom","Men's Kayak Cross","New Zealand"
"Silver ","2024-08-05","Joseph CLARKE","Canoe Slalom","Men's Kayak Cross","Great Britain"
"Bronze ","2024-08-05","Noah HEGGE","Canoe Slalom","Men's Kayak Cross","Germany"
"Gold ","2024-08-05","Noemie FOX","Canoe Slalom","Women's Kayak Cross","Australia"
"Silver ","2024-08-05","Angele HUG","Canoe Slalom","Women's Kayak Cross","France"
"Bronze ","2024-08-05","Kimberley WOODS","Canoe Slalom","Women's Kayak Cross","Great Britain"
"Gold ","2024-08-05","Great Britain","Cycling Track","Women's Team Sprint","Great Britain"
"Silver ","2024-08-05","New Zealand","Cycling Track","Women's Team Sprint","New Zealand"
"Bronze ","2024-08-03","Great Britain","Athletics","4 x 400m Relay Mixed","Great Britain"
"Silver ","2024-08-03","Leo NEUGEBAUER","Athletics","Men's Decathlon","Germany"
"Bronze ","2024-08-03","Lindon VICTOR","Athletics","Men's Decathlon","Grenada"
"Bronze ","2024-07-28","Mexico","Archery","Women's Team","Mexico"
"Silver ","2024-08-11","United States","Volleyball","Women","United States of America"
"Gold ","2024-07-27","OH Sanguk","Fencing","Men's Sabre Individual","Republic of Korea"
"Bronze ","2024-08-07","Esra YILDIZ KAHRAMAN","Boxing","Women's 57kg","Türkiye"
"Bronze ","2024-08-03","Ilya KHARUN","Swimming","Men's 100m Butterfly","Canada"
"Gold ","2024-08-03","United States","Swimming","Mixed 4 x 100m Medley Relay","United States of America"
"Silver ","2024-08-03","China","Swimming","Mixed 4 x 100m Medley Relay","People's Republic of China"
"Bronze ","2024-08-03","Australia","Swimming","Mixed 4 x 100m Medley Relay","Australia"
"Gold ","2024-08-01","United States","Fencing","Women's Foil Team","United States of America"
"Gold ","2024-08-08","Ulugbek RASHITOV","Taekwondo","Men -68kg","Uzbekistan"
"Bronze ","2024-08-08","LIANG Yushuai","Taekwondo","Men -68kg","People's Republic of China"
"Bronze ","2024-08-08","Edival PONTES","Taekwondo","Men -68kg","Brazil"
"Gold ","2024-08-08","KIM Yujin","Taekwondo","Women -57kg","Republic of Korea"
"Silver ","2024-08-08","Nahid KIYANICHANDEH","Taekwondo","Women -57kg","Islamic Republic of Iran"
"Bronze ","2024-08-08","Skylar PARK","Taekwondo","Women -57kg","Canada"
"Gold ","2024-08-01","Hubert KOS","Swimming","Men's 200m Backstroke","Hungary"
"Bronze ","2024-08-09","Andy DIAZ HERNANDEZ","Athletics","Men's Triple Jump","Italy"
"Silver ","2024-08-01","Great Britain","Rowing","Women's Four","Great Britain"
"Bronze ","2024-08-10","Nikola OGRODNIKOVA","Athletics","Women's Javelin Throw","Czechia"
"Gold ","2024-08-10","United States","Basketball","Men","United States of America"
"Silver ","2024-08-10","EHLERS/WICKLER","Beach Volleyball","Men","Germany"
"Silver ","2024-08-06","Great Britain","Cycling Track","Men's Team Sprint","Great Britain"
"Bronze ","2024-08-03","Viktorija SENKUTE","Rowing","Women's Single Sculls","Lithuania"
"Gold ","2024-08-03","Tom REUVENY","Sailing","Men's Windsurfing","Israel"
"Silver ","2024-08-03","Grae MORRIS","Sailing","Men's Windsurfing","Australia"
"Bronze ","2024-08-03","Luuc van OPZEELAND","Sailing","Men's Windsurfing","Netherlands"
"Gold ","2024-08-03","Marta MAGGETTI","Sailing","Women's Windsurfing","Italy"
"Silver ","2024-08-03","Sharon KANTOR","Sailing","Women's Windsurfing","Israel"
"Bronze ","2024-08-08","Hasrat JAFAROV","Wrestling","Men's Greco-Roman 67kg","Azerbaijan"
"Gold ","2024-08-08","Benjamin THOMAS","Cycling Track","Men's Omnium","France"
"Bronze ","2024-08-08","Luis Alberto ORTA SANCHEZ","Wrestling","Men's Greco-Roman 67kg","Cuba"
"Gold ","2024-08-08","Semen Sergeevich NOVIKOV","Wrestling","Men's Greco-Roman 87kg","Bulgaria"
"Silver ","2024-08-08","Alireza MOHMADIPIANI","Wrestling","Men's Greco-Roman 87kg","Islamic Republic of Iran"
"Bronze ","2024-08-08","Zhan BELENIUK","Wrestling","Men's Greco-Roman 87kg","Ukraine"
"Bronze ","2024-08-08","Turpal Ali BISULTANOV","Wrestling","Men's Greco-Roman 87kg","Denmark"
"Gold ","2024-08-08","FUJINAMI Akari","Wrestling","Women's Freestyle 53kg","Japan"
"Silver ","2024-08-08","Lucia Yamileth YEPEZ GUZMAN","Wrestling","Women's Freestyle 53kg","Ecuador"
"Bronze ","2024-08-08","CHOE Hyo Gyong","Wrestling","Women's Freestyle 53kg","Democratic People's Republic of Korea"
"Bronze ","2024-08-08","PANG Qianyu","Wrestling","Women's Freestyle 53kg","People's Republic of China"
"Silver ","2024-08-09","South Africa","Athletics","Men's 4 x 100m Relay","South Africa"
"Bronze ","2024-08-09","Great Britain","Athletics","Men's 4 x 100m Relay","Great Britain"
"Gold ","2024-08-09","Rai BENJAMIN","Athletics","Men's 400m Hurdles","United States of America"
"Silver ","2024-08-09","Karsten WARHOLM","Athletics","Men's 400m Hurdles","Norway"
"Bronze ","2024-08-09","Alison dos SANTOS","Athletics","Men's 400m Hurdles","Brazil"
"Silver ","2024-08-08","Hatice AKBAS","Boxing","Women's 54kg","Türkiye"
"Bronze ","2024-08-10","Brazil","Volleyball","Women","Brazil"
"Bronze ","2024-08-03","Emma WILSON","Sailing","Women's Windsurfing","Great Britain"
"Silver ","2024-08-05","France","3x3 Basketball","Men","France"
"Gold ","2024-08-03","YANG Jiin","Shooting","25m Pistol Women","Republic of Korea"
"Silver ","2024-08-03","Camille JEDRZEJEWSKI","Shooting","25m Pistol Women","France"
"Bronze ","2024-08-03","Veronika MAJOR","Shooting","25m Pistol Women","Hungary"
"Gold ","2024-08-03","Vincent HANCOCK","Shooting","Skeet Men","United States of America"
"Bronze ","2024-07-28","Amandine BUCHARD","Judo","Women -52 kg","France"
"Gold ","2024-07-28","XIE Yu","Shooting","10m Air Pistol Men","People's Republic of China"
"Silver ","2024-07-28","Federico Nilo MALDINI","Shooting","10m Air Pistol Men","Italy"
"Bronze ","2024-07-28","Paolo MONNA","Shooting","10m Air Pistol Men","Italy"
"Silver ","2024-07-28","AKAMA Liz","Skateboarding","Women's Street","Japan"
"Bronze ","2024-07-28","Rayssa LEAL","Skateboarding","Women's Street","Brazil"
"Gold ","2024-07-28","Nicolo MARTINENGHI","Swimming","Men's 100m Breaststroke","Italy"
"Gold ","2024-08-05","Germany","Triathlon","Mixed Relay","Germany"
"Gold ","2024-07-27","Remco EVENEPOEL","Cycling Road","Men's Individual Time Trial","Belgium"
"Silver ","2024-07-28","Gretchen WALSH","Swimming","Women's 100m Butterfly","United States of America"
"Bronze ","2024-07-28","ZHANG Yufei","Swimming","Women's 100m Butterfly","People's Republic of China"
"Silver ","2024-07-29","Christopher BURTON","Equestrian","Eventing Individual","Australia"
"Bronze ","2024-07-29","Laura COLLETT","Equestrian","Eventing Individual","Great Britain"
"Gold ","2024-07-29","Great Britain","Equestrian","Eventing Team","Great Britain"
"Bronze ","2024-07-29","Japan","Equestrian","Eventing Team","Japan"
"Gold ","2024-07-29","CHEUNG Ka Long","Fencing","Men's Foil Individual","Hong Kong, China"
"Bronze ","2024-07-29","Olga KHARLAN","Fencing","Women's Sabre Individual","Ukraine"
"Gold ","2024-07-29","Hidayat HEYDAROV","Judo","Men -73 kg","Azerbaijan"
"Silver ","2024-07-29","Joan-Benjamin GABA","Judo","Men -73 kg","France"
"Bronze ","2024-07-29","Adil OSMANOV","Judo","Men -73 kg","Republic of Moldova"
"Bronze ","2024-07-29","HASHIMOTO Soichi","Judo","Men -73 kg","Japan"
"Bronze ","2024-08-02","Grant FISHER","Athletics","Men's 10,000m","United States of America"
"Silver ","2024-08-04","Bence HALASZ","Athletics","Men's Hammer Throw","Hungary"
"Silver ","2024-07-27","Australia","Swimming","Men's 4 x 100m Freestyle Relay","Australia"
"Bronze ","2024-08-02","Romane DICKO","Judo","Women +78 kg","France"
"Silver ","2024-08-08","Zaid KAREEM","Taekwondo","Men -68kg","Jordan"
"Silver ","2024-07-30","RI/KIM","Table Tennis","Mixed Doubles","Democratic People's Republic of Korea"
"Bronze ","2024-07-30","LIM/SHIN","Table Tennis","Mixed Doubles","Republic of Korea"
"Gold ","2024-07-31","OKA Shinnosuke","Artistic Gymnastics","Men's All-Around","Japan"
"Silver ","2024-07-31","ZHANG Boheng","Artistic Gymnastics","Men's All-Around","People's Republic of China"
"Bronze ","2024-07-31","XIAO Ruoteng","Artistic Gymnastics","Men's All-Around","People's Republic of China"
"Gold ","2024-07-31","Jessica FOX","Canoe Slalom","Women's Canoe Single","Australia"
"Silver ","2024-07-31","Elena LILIK","Canoe Slalom","Women's Canoe Single","Germany"
"Bronze ","2024-07-31","Evy LEIBFARTH","Canoe Slalom","Women's Canoe Single","United States of America"
"Gold ","2024-07-31","Jose TORRES GIL","Cycling BMX Freestyle","Men's Park","Argentina"
"Gold ","2024-08-09","Italy","Cycling Track","Women's Madison","Italy"
"Silver ","2024-07-30","Italy","Artistic Gymnastics","Women's Team","Italy"
"Silver ","2024-08-03","Denmark","Equestrian","Dressage Team","Denmark"
"Gold ","2024-08-09","Netherlands","Hockey","Women","Netherlands"
"Gold ","2024-08-02","Ivan LITVINOVICH","Trampoline Gymnastics","Men","AIN"
"Silver ","2024-08-03","LIU/TAN","Badminton","Women's Doubles","People's Republic of China"
"Bronze ","2024-08-03","Japan","Fencing","Women's Sabre Team","Japan"
"Silver ","2024-08-11","Croatia","Water Polo","Men","Croatia"
"Bronze ","2024-08-09","Argentina","Hockey","Women","Argentina"
"Silver ","2024-08-08","Lauriane NOLOT","Sailing","Women's Kite","France"
"Gold ","2024-08-03","France","Judo","Mixed Team","France"
"Silver ","2024-07-29","China","Artistic Gymnastics","Men's Team","People's Republic of China"
"Gold ","2024-07-30","Daniel WIFFEN","Swimming","Men's 800m Freestyle","Ireland"
"Silver ","2024-08-04","Kishane THOMPSON","Athletics","Men's 100m","Jamaica"
"Silver ","2024-08-02","Raz HERSHKO","Judo","Women +78 kg","Israel"
"Silver ","2024-08-09","Toni VODISEK","Sailing","Men's Kite","Slovenia"
"Gold ","2024-08-08","Netherlands","Hockey","Men","Netherlands"
"Silver ","2024-08-05","Spain","3x3 Basketball","Women","Spain"
"Gold ","2024-08-01","Australia","Swimming","Women's 4 x 200m Freestyle Relay","Australia"
"Bronze ","2024-08-10","Grace Jacob BULLEN","Wrestling","Women's Freestyle 62kg","Norway"
"Gold ","2024-08-11","Sifan HASSAN","Athletics","Women's Marathon","Netherlands"
"Silver ","2024-08-10","Australia","Water Polo","Women","Australia"
"Silver ","2024-08-10","France","Handball","Women","France"
"Gold ","2024-07-28","Pauline FERRAND PREVOT","Cycling Mountain Bike","Women's Cross-country","France"
"Silver ","2024-07-28","Haley BATTEN","Cycling Mountain Bike","Women's Cross-country","United States of America"
"Bronze ","2024-07-28","Jenny RISSVEDS","Cycling Mountain Bike","Women's Cross-country","Sweden"
"Bronze ","2024-07-28","Eleanor HARVEY","Fencing","Women's Foil Individual","Canada"
"Silver ","2024-07-28","Willian LIMA","Judo","Men -66 kg","Brazil"
"Bronze ","2024-07-28","Gusman KYRGYZBAYEV","Judo","Men -66 kg","Kazakhstan"
"Bronze ","2024-07-28","Denis VIERU","Judo","Men -66 kg","Republic of Moldova"
"Gold ","2024-07-28","Diyora KELDIYOROVA","Judo","Women -52 kg","Uzbekistan"
"Silver ","2024-07-28","Distria KRASNIQI","Judo","Women -52 kg","Kosovo"
"Gold ","2024-08-02","ZHENG/HUANG","Badminton","Mixed Doubles","People's Republic of China"
"Silver ","2024-08-02","KIM/JEONG","Badminton","Mixed Doubles","Republic of Korea"
"Bronze ","2024-08-02","WATANABE/HIGASHINO","Badminton","Mixed Doubles","Japan"
"Gold ","2024-08-02","Joris DAUDET","Cycling BMX Racing","Men","France"
"Silver ","2024-08-02","Sylvain ANDRE","Cycling BMX Racing","Men","France"
"Bronze ","2024-08-02","Romain MAHIEU","Cycling BMX Racing","Men","France"
"Silver ","2024-08-01","United States","Swimming","Women's 4 x 200m Freestyle Relay","United States of America"
"Bronze ","2024-08-01","China","Swimming","Women's 4 x 200m Freestyle Relay","People's Republic of China"
"Silver ","2024-08-11","France","Basketball","Women","France"
"Bronze ","2024-07-30","Laura FAZLIU","Judo","Women -63 kg","Kosovo"
"Silver ","2024-08-09","NICKA","Breaking","B-Girls","Lithuania"
"Silver ","2024-08-11","Daria PIKULIK","Cycling Track","Women's Omnium","Poland"
"Silver ","2024-08-03","Canada","Rowing","Women's Eight","Canada"
"Gold ","2024-08-09","Jordan Alejandro DIAZ FORTUN","Athletics","Men's Triple Jump","Spain"
"Gold ","2024-08-09","Beatrice CHEBET","Athletics","Women's 10,000m","Kenya"
"Bronze ","2024-08-09","Sifan HASSAN","Athletics","Women's 10,000m","Netherlands"
"Gold ","2024-08-09","United States","Athletics","Women's 4 x 100m Relay","United States of America"
"Silver ","2024-08-09","Salwa Eid NASER","Athletics","Women's 400m","Bahrain"
"Bronze ","2024-08-09","Natalia KACZMAREK","Athletics","Women's 400m","Poland"
"Gold ","2024-08-09","Yemisi OGUNLEYE","Athletics","Women's Shot Put","Germany"
"Silver ","2024-08-09","Maddison-Lee WESCHE","Athletics","Women's Shot Put","New Zealand"
"Bronze ","2024-08-09","SONG Jiayuan","Athletics","Women's Shot Put","People's Republic of China"
"Silver ","2024-08-09","Nadia BATTOCLETTI","Athletics","Women's 10,000m","Italy"
"Gold ","2024-08-09","ANA PATRICIA/DUDA","Beach Volleyball","Women","Brazil"
"Silver ","2024-08-09","MELISSA/BRANDIE","Beach Volleyball","Women","Canada"
"Bronze ","2024-08-09","HUBERLI/BRUNNER","Beach Volleyball","Women","Switzerland"
"Silver ","2024-08-09","Marco Alonso VERDE ALVAREZ","Boxing","Men's 71kg","Mexico"
"Gold ","2024-08-09","Lazizbek MULLOJONOV","Boxing","Men's 92kg","Uzbekistan"
"Silver ","2024-08-09","Loren Berto ALFONSO DOMINGUEZ","Boxing","Men's 92kg","Azerbaijan"
"Bronze ","2024-08-08","KUO Hsing-Chun","Weightlifting","Women's 59kg","Chinese Taipei"
"Gold ","2024-08-08","Saeid ESMAEILI LEIVESI","Wrestling","Men's Greco-Roman 67kg","Islamic Republic of Iran"
"Silver ","2024-08-08","Parviz NASIBOV","Wrestling","Men's Greco-Roman 67kg","Ukraine"
"Bronze ","2024-08-10","Italy","Rhythmic Gymnastics","Group All-Around","Italy"
"Silver ","2024-08-10","TAKATANI Daichi","Wrestling","Men's Freestyle 74kg","Japan"
"Bronze ","2024-08-05","Gabriel MEDINA","Surfing","Men","Brazil"
"Gold ","2024-08-11","KIYOOKA Kotaro","Wrestling","Men's Freestyle 65kg","Japan"
"Silver ","2024-08-11","Rahman AMOUZADKHALILI","Wrestling","Men's Freestyle 65kg","Islamic Republic of Iran"
"Gold ","2024-08-11","Harrie LAVREYSEN","Cycling Track","Men's Keirin","Netherlands"
"Silver ","2024-07-30","Canada","Rugby Sevens","Women","Canada"
"Silver ","2024-07-30","Türkiye 2","Shooting","10m Air Pistol Mixed Team","Türkiye"
"Bronze ","2024-07-30","India 1","Shooting","10m Air Pistol Mixed Team","India"
"Gold ","2024-07-30","Nathan HALES","Shooting","Trap Men","Great Britain"
"Silver ","2024-07-30","QI Ying","Shooting","Trap Men","People's Republic of China"
"Bronze ","2024-07-30","Jean Pierre BROL CARDENAS","Shooting","Trap Men","Guatemala"
"Gold ","2024-07-30","Great Britain","Swimming","Men's 4 x 200m Freestyle Relay","Great Britain"
"Silver ","2024-07-30","United States","Swimming","Men's 4 x 200m Freestyle Relay","United States of America"
"Bronze ","2024-07-30","Australia","Swimming","Men's 4 x 200m Freestyle Relay","Australia"
"Bronze ","2024-07-30","Brazil","Artistic Gymnastics","Women's Team","Brazil"
"Gold ","2024-07-30","Italy","Fencing","Women's Épée Team","Italy"
"Bronze ","2024-08-08","India","Hockey","Men","India"
"Bronze ","2024-08-11","Spain","Handball","Men","Spain"
"Bronze ","2024-08-10","Balint KOPASZ","Canoe Sprint","Men's Kayak Single 1000m","Hungary"
"Gold ","2024-08-10","Portugal","Cycling Track","Men's Madison","Portugal"
"Silver ","2024-07-30","France","Fencing","Women's Épée Team","France"
"Bronze ","2024-07-30","Poland","Fencing","Women's Épée Team","Poland"
"Gold ","2024-07-30","NAGASE Takanori","Judo","Men -81 kg","Japan"
"Gold ","2024-08-09","Imane KHELIF","Boxing","Women's 66kg","Algeria"
"Silver ","2024-07-30","Tato GRIGALASHVILI","Judo","Men -81 kg","Georgia"
"Bronze ","2024-07-30","LEE Joonhwan","Judo","Men -81 kg","Republic of Korea"
"Bronze ","2024-07-30","Somon MAKHMADBEKOV","Judo","Men -81 kg","Tajikistan"
"Gold ","2024-07-30","Andreja LESKI","Judo","Women -63 kg","Slovenia"
"Silver ","2024-07-30","Prisca AWITI ALCARAZ","Judo","Women -63 kg","Mexico"
"Gold ","2024-07-29","David POPOVICI","Swimming","Men's 200m Freestyle","Romania"
"Silver ","2024-08-09","Buse Naz CAKIROGLU","Boxing","Women's 50kg","Türkiye"
"Silver ","2024-08-08","Germany","Hockey","Men","Germany"
"Silver ","2024-07-29","Matthew RICHARDS","Swimming","Men's 200m Freestyle","Great Britain"
"Gold ","2024-08-04","Japan","Fencing","Men's Foil Team","Japan"
"Silver ","2024-08-02","Romania","Rowing","Women's Pair","Romania"
"Bronze ","2024-08-02","Australia","Rowing","Women's Pair","Australia"
"Bronze ","2024-08-04","Iryna GERASHCHENKO","Athletics","Women's High Jump","Ukraine"
"Bronze ","2024-08-04","Eleanor PATTERSON","Athletics","Women's High Jump","Australia"
"Silver ","2024-08-04","LIANG/WANG","Badminton","Men's Doubles","People's Republic of China"
"Bronze ","2024-08-04","CHIA/SOH","Badminton","Men's Doubles","Malaysia"
"Bronze ","2024-08-03","Christophe LAPORTE","Cycling Road","Men's Road Race","France"
"Bronze ","2024-08-04","Gregoria Mariska TUNJUNG","Badminton","Women's Singles","Indonesia"
"Bronze ","2024-08-04","Yunior ALCANTARA REYES","Boxing","Men's 51kg","Dominican Republic"
"Bronze ","2024-08-04","Cristian Javier PINALES","Boxing","Men's 80kg","Dominican Republic"
"Bronze ","2024-07-29","Mona Mc SHARRY","Swimming","Women's 100m Breaststroke","Ireland"
"Gold ","2024-07-29","Korea","Archery","Men's Team","Republic of Korea"
"Silver ","2024-08-11","Matthew RICHARDSON","Cycling Track","Men's Keirin","Australia"
"Bronze ","2024-08-11","Matthew GLAETZER","Cycling Track","Men's Keirin","Australia"
"Silver ","2024-08-03","Japan","Judo","Mixed Team","Japan"
"Bronze ","2024-08-09","PASZEK/HAKE","Canoe Sprint","Women's Kayak Double 500m","Germany"
"Bronze ","2024-08-02","Greece","Rowing","Lightweight Men's Double Sculls","Greece"
"Gold ","2024-08-02","Great Britain","Rowing","Lightweight Women's Double Sculls","Great Britain"
"Silver ","2024-08-02","Romania","Rowing","Lightweight Women's Double Sculls","Romania"
"Bronze ","2024-08-02","Greece","Rowing","Lightweight Women's Double Sculls","Greece"
"Bronze ","2024-08-02","Switzerland","Rowing","Men's Pair","Switzerland"
"Gold ","2024-08-02","Netherlands","Rowing","Women's Pair","Netherlands"
"Silver ","2024-08-01","Ilia SULAMANIDZE","Judo","Men -100 kg","Georgia"
"Bronze ","2024-07-29","Türkiye","Archery","Men's Team","Türkiye"
"Silver ","2024-08-09","Sweden","Table Tennis","Men's Team","Sweden"
"Bronze ","2024-08-01","Muzaffarbek TUROBOYEV","Judo","Men -100 kg","Uzbekistan"
"Silver ","2024-08-01","Inbar LANIR","Judo","Women -78 kg","Israel"
"Bronze ","2024-08-01","MA Zhenzhao","Judo","Women -78 kg","People's Republic of China"
"Bronze ","2024-08-01","Patricia SAMPAIO","Judo","Women -78 kg","Portugal"
"Gold ","2024-08-01","Romania","Rowing","Men's Double Sculls","Romania"
"Gold ","2024-08-01","Summer McINTOSH","Swimming","Women's 200m Butterfly","Canada"
"Silver ","2024-08-03","Kate DOUGLASS","Swimming","Women's 200m Individual Medley","United States of America"
"Bronze ","2024-08-03","Kaylee McKEOWN","Swimming","Women's 200m Individual Medley","Australia"
"Bronze ","2024-08-01","Great Britain","Rowing","Men's Four","Great Britain"
"Bronze ","2024-08-02","KIM Hayun","Judo","Women +78 kg","Republic of Korea"
"Bronze ","2024-08-08","Morocco","Football","Men","Morocco"
"Gold ","2024-08-07","Quincy HALL","Athletics","Men's 400m","United States of America"
"Silver ","2024-08-07","Matthew HUDSON-SMITH","Athletics","Men's 400m","Great Britain"
"Bronze ","2024-08-07","Muzala SAMUKONGA","Athletics","Men's 400m","Zambia"
"Gold ","2024-08-03","Great Britain","Rowing","Men's Eight","Great Britain"
"Silver ","2024-08-02","BOBECK/NETZLER","Sailing","Women's Skiff","Sweden"
"Silver ","2024-08-05","Tsige DUGUMA","Athletics","Women's 800m","Ethiopia"
"Gold ","2024-07-28","OH Ye Jin","Shooting","10m Air Pistol Women","Republic of Korea"
"Silver ","2024-07-28","KIM Yeji","Shooting","10m Air Pistol Women","Republic of Korea"
"Gold ","2024-07-28","YOSHIZAWA Coco","Skateboarding","Women's Street","Japan"
"Bronze ","2024-08-01","Jemima MONTAG","Athletics","Women's 20km Race Walk","Australia"
"Gold ","2024-07-31","PAN Zhanle","Swimming","Men's 100m Freestyle","People's Republic of China"
"Gold ","2024-08-04","LEE/WANG","Badminton","Men's Doubles","Chinese Taipei"
"Gold ","2024-07-31","Great Britain","Rowing","Women's Quadruple Sculls","Great Britain"
"Gold ","2024-08-10","Norway","Handball","Women","Norway"
"Gold ","2024-08-05","Rebeca ANDRADE","Artistic Gymnastics","Women's Floor Exercise","Brazil"
"Bronze ","2024-08-05","Ana BARBOSU","Artistic Gymnastics","Women's Floor Exercise","Romania"
"Gold ","2024-08-05","Beatrice CHEBET","Athletics","Women's 5000m","Kenya"
"Gold ","2024-08-08","LUO Shifang","Weightlifting","Women's 59kg","People's Republic of China"
"Gold ","2024-08-09","Asadkhuja MUYDINKHUJAEV","Boxing","Men's 71kg","Uzbekistan"
"Gold ","2024-08-09","WU Yu","Boxing","Women's 50kg","People's Republic of China"
"Silver ","2024-08-09","YANG Liu","Boxing","Women's 66kg","People's Republic of China"
"Bronze ","2024-08-09","671","Breaking","B-Girls","People's Republic of China"
"Gold ","2024-08-09","Canada","Athletics","Men's 4 x 100m Relay","Canada"
"Gold ","2024-08-09","Martin FUKSA","Canoe Sprint","Men's Canoe Single 1000m","Czechia"
"Silver ","2024-08-09","Isaquias QUEIROZ","Canoe Sprint","Men's Canoe Single 1000m","Brazil"
"Bronze ","2024-08-09","Serghei TARNOVSCHI","Canoe Sprint","Men's Canoe Single 1000m","Republic of Moldova"
"Gold ","2024-08-09","SCHOPF/LEMKE","Canoe Sprint","Men's Kayak Double 500m","Germany"
"Gold ","2024-08-10","Hamish KERR","Athletics","Men's High Jump","New Zealand"
"Silver ","2024-08-09","NADAS/TOTKA","Canoe Sprint","Men's Kayak Double 500m","Hungary"
"Bronze ","2024-08-09","van der WE/GREEN","Canoe Sprint","Men's Kayak Double 500m","Australia"
"Gold ","2024-08-09","XU/SUN","Canoe Sprint","Women's Canoe Double 500m","People's Republic of China"
"Bronze ","2024-08-10","Neisi Patricia DAJOMES BARRERA","Weightlifting","Women's 81kg","Ecuador"
"Gold ","2024-08-10","Geno PETRIASHVILI","Wrestling","Men's Freestyle 125kg","Georgia"
"Silver ","2024-08-10","Amir Hossein ZARE","Wrestling","Men's Freestyle 125kg","Islamic Republic of Iran"
"Bronze ","2024-08-10","Taha AKGUL","Wrestling","Men's Freestyle 125kg","Türkiye"
"Bronze ","2024-08-10","Giorgi MESHVILDISHVILI","Wrestling","Men's Freestyle 125kg","Azerbaijan"
"Gold ","2024-08-10","Razambek Salambekovitch JAMALOV","Wrestling","Men's Freestyle 74kg","Uzbekistan"
"Bronze ","2024-08-10","Kyle Douglas DAKE","Wrestling","Men's Freestyle 74kg","United States of America"
"Bronze ","2024-08-10","Chermen VALIEV","Wrestling","Men's Freestyle 74kg","Albania"
"Gold ","2024-08-10","MOTOKI Sakura","Wrestling","Women's Freestyle 62kg","Japan"
"Silver ","2024-08-10","Iryna KOLIADENKO","Wrestling","Women's Freestyle 62kg","Ukraine"
"Bronze ","2024-08-10","Aisuluu TYNYBEKOVA","Wrestling","Women's Freestyle 62kg","Kyrgyzstan"
"Silver ","2024-08-06","HIRAKI Cocona","Skateboarding","Women's Park","Japan"
"Bronze ","2024-08-04","Enmanuel REYES PLA","Boxing","Men's 92kg","Spain"
"Bronze ","2024-08-04","PANG Cholmi","Boxing","Women's 54kg","Democratic People's Republic of Korea"
"Bronze ","2024-08-04","IM Aeji","Boxing","Women's 54kg","Republic of Korea"
"Gold ","2024-08-04","Kristen FAULKNER","Cycling Road","Women's Road Race","United States of America"
"Silver ","2024-08-04","Marianne VOS","Cycling Road","Women's Road Race","Netherlands"
"Bronze ","2024-08-04","Lotte KOPECKY","Cycling Road","Women's Road Race","Belgium"
"Gold ","2024-08-04","Jessica von BREDOW-WERNDL","Equestrian","Dressage Individual","Germany"
"Silver ","2024-08-10","Marco AROP","Athletics","Men's 800m","Canada"
"Gold ","2024-07-30","Kaylee McKEOWN","Swimming","Women's 100m Backstroke","Australia"
"Silver ","2024-07-30","Regan SMITH","Swimming","Women's 100m Backstroke","United States of America"
"Bronze ","2024-07-30","Katharine BERKOFF","Swimming","Women's 100m Backstroke","United States of America"
"Gold ","2024-07-30","WANG/SUN","Table Tennis","Mixed Doubles","People's Republic of China"
"Silver ","2024-08-02","WANG/ZHANG","Tennis","Mixed Doubles","People's Republic of China"
"Silver ","2024-08-02","WANG Zisai","Trampoline Gymnastics","Men","People's Republic of China"
"Bronze ","2024-08-02","YAN Langyu","Trampoline Gymnastics","Men","People's Republic of China"
"Gold ","2024-08-02","Bryony PAGE","Trampoline Gymnastics","Women","Great Britain"
"Silver ","2024-08-02","Viyaleta BARDZILOUSKAYA","Trampoline Gymnastics","Women","AIN"
"Bronze ","2024-08-02","Sophiane METHOT","Trampoline Gymnastics","Women","Canada"
"Gold ","2024-08-03","LIM Sihyeon","Archery","Women's Individual","Republic of Korea"
"Gold ","2024-07-27","Yeldos SMETOV","Judo","Men -60 kg","Kazakhstan"
"Silver ","2024-08-03","NAM Suhyeon","Archery","Women's Individual","Republic of Korea"
"Bronze ","2024-08-03","Lisa BARBELIN","Archery","Women's Individual","France"
"Silver ","2024-08-10","Poland","Volleyball","Men","Poland"
"Gold ","2024-08-03","Carlos Edriel YULO","Artistic Gymnastics","Men's Floor Exercise","Philippines"
"Silver ","2024-08-03","Artem DOLGOPYAT","Artistic Gymnastics","Men's Floor Exercise","Israel"
"Silver ","2024-08-03","Sha'carri RICHARDSON","Athletics","Women's 100m","United States of America"
"Bronze ","2024-08-03","Melissa JEFFERSON","Athletics","Women's 100m","United States of America"
"Silver ","2024-08-05","Faith KIPYEGON","Athletics","Women's 5000m","Kenya"
"Gold ","2024-08-03","Thea LAFOND","Athletics","Women's Triple Jump","Dominica"
"Gold ","2024-07-29","HORIGOME Yuto","Skateboarding","Men's Street","Japan"
"Silver ","2024-07-31","DPR Korea","Diving","Women's Synchronised 10m Platform","Democratic People's Republic of Korea"
"Silver ","2024-08-07","Pavlos KONTIDES","Sailing","Men's Dinghy","Cyprus"
"Gold ","2024-08-10","PHIL WIZARD","Breaking","B-Boys","Canada"
"Gold ","2024-08-03","EBDEN/PEERS","Tennis","Men's Doubles","Australia"
"Bronze ","2024-08-10","Denmark","Handball","Women","Denmark"
"Silver ","2024-08-11","Germany","Handball","Men","Germany"
"Bronze ","2024-07-28","Carson FOSTER","Swimming","Men's 400m Individual Medley","United States of America"
"Gold ","2024-07-28","Torri HUSKE","Swimming","Women's 100m Butterfly","United States of America"
"Silver ","2024-08-01","Regan SMITH","Swimming","Women's 200m Butterfly","United States of America"
"Bronze ","2024-08-01","ZHANG Yufei","Swimming","Women's 200m Butterfly","People's Republic of China"
"Silver ","2024-08-09","France","Football","Men","France"
"Bronze ","2024-08-11","Milaimy de la Carid. MARIN POTRILLE","Wrestling","Women's Freestyle 76kg","Cuba"
"Gold ","2024-07-31","Barbara MATIC","Judo","Women -70 kg","Croatia"
"Gold ","2024-08-10","France","Volleyball","Men","France"
"Silver ","2024-08-02","Germany","Archery","Mixed Team","Germany"
"Gold ","2024-08-01","Zelym KOTSOIEV","Judo","Men -100 kg","Azerbaijan"
"Silver ","2024-07-29","HUANG Yuting","Shooting","10m Air Rifle Women","People's Republic of China"
"Bronze ","2024-07-29","Audrey GOGNIAT","Shooting","10m Air Rifle Women","Switzerland"
"Silver ","2024-08-10","Brooke RABOUTOU","Sport Climbing","Women's Boulder & Lead","United States of America"
"Gold ","2024-08-05","Kauli VAAST","Surfing","Men","France"
"Gold ","2024-07-29","Japan","Artistic Gymnastics","Men's Team","Japan"
"Gold ","2024-07-30","New Zealand","Rugby Sevens","Women","New Zealand"
"Bronze ","2024-07-30","United States","Rugby Sevens","Women","United States of America"
"Gold ","2024-07-30","Serbia","Shooting","10m Air Pistol Mixed Team","Serbia"
"Silver ","2024-08-08","Maude CHARRON","Weightlifting","Women's 59kg","Canada"
"Gold ","2024-08-06","Amit ELOR","Wrestling","Women's Freestyle 68kg","United States of America"
"Silver ","2024-08-06","Meerim ZHUMANAZAROVA","Wrestling","Women's Freestyle 68kg","Kyrgyzstan"
"Bronze ","2024-08-06","Buse CAVUSOGLU TOSUN","Wrestling","Women's Freestyle 68kg","Türkiye"
"Gold ","2024-08-06","Christian KUKUK","Equestrian","Jumping Individual","Germany"
"Bronze ","2024-08-06","OZAKI Nonoka","Wrestling","Women's Freestyle 68kg","Japan"
"Gold ","2024-08-07","China","Artistic Swimming","Team","People's Republic of China"
"Silver ","2024-08-07","Kenneth ROOKS","Athletics","Men's 3000m Steeplechase","United States of America"
"Silver ","2024-07-29","Filippo MACCHI","Fencing","Men's Foil Individual","Italy"
"Bronze ","2024-08-06","Mattia FURLANI","Athletics","Men's Long Jump","Italy"
"Gold ","2024-08-06","Gabrielle THOMAS","Athletics","Women's 200m","United States of America"
"Silver ","2024-08-06","Julien ALFRED","Athletics","Women's 200m","Saint Lucia"
"Bronze ","2024-08-06","Brittany BROWN","Athletics","Women's 200m","United States of America"
"Gold ","2024-08-06","Winfred YAVI","Athletics","Women's 3000m Steeplechase","Bahrain"
"Silver ","2024-08-06","Peruth CHEMUTAI","Athletics","Women's 3000m Steeplechase","Uganda"
"Bronze ","2024-08-06","Faith CHEROTICH","Athletics","Women's 3000m Steeplechase","Kenya"
"Gold ","2024-08-01","Giovanni de GENNARO","Canoe Slalom","Men's Kayak Single","Italy"
"Silver ","2024-08-01","Titouan CASTRYCK","Canoe Slalom","Men's Kayak Single","France"
"Bronze ","2024-08-01","Pau ECHANIZ","Canoe Slalom","Men's Kayak Single","Spain"
"Bronze ","2024-08-01","Japan","Fencing","Women's Foil Team","Japan"
"Gold ","2024-08-10","KITAGUCHI Haruka","Athletics","Women's Javelin Throw","Japan"
"Silver ","2024-08-10","Jo-Ane van DYK","Athletics","Women's Javelin Throw","South Africa"
"Bronze ","2024-07-31","Penny SMITH","Shooting","Trap Women","Australia"
"Gold ","2024-08-09","AMI","Breaking","B-Girls","Japan"
"Gold ","2024-08-08","Rizki JUNIANSYAH","Weightlifting","Men's 73kg","Indonesia"
"Silver ","2024-07-31","Hungary","Fencing","Men's Sabre Team","Hungary"
"Bronze ","2024-08-03","Rajindra CAMPBELL","Athletics","Men's Shot Put","Jamaica"
"Gold ","2024-07-28","ABE Hifumi","Judo","Men -66 kg","Japan"
"Silver ","2024-08-08","Weeraphon WICHUMA","Weightlifting","Men's 73kg","Thailand"
"Bronze ","2024-08-08","Bozhidar Dimitrov ANDREEV","Weightlifting","Men's 73kg","Bulgaria"
"Bronze ","2024-07-27","Francisco GARRIGOS","Judo","Men -60 kg","Spain"
"Gold ","2024-07-27","TSUNODA Natsumi","Judo","Women -48 kg","Japan"
"Silver ","2024-07-27","Baasankhuu BAVUUDORJ","Judo","Women -48 kg","Mongolia"
"Bronze ","2024-07-27","Shirine BOUKLI","Judo","Women -48 kg","France"
"Bronze ","2024-07-27","Tara BABULFATH","Judo","Women -48 kg","Sweden"
"Gold ","2024-07-27","France","Rugby Sevens","Men","France"
"Silver ","2024-07-27","Fiji","Rugby Sevens","Men","Fiji"
"Bronze ","2024-07-27","South Africa","Rugby Sevens","Men","South Africa"
"Gold ","2024-07-27","China 1","Shooting","10m Air Rifle Mixed Team","People's Republic of China"
"Silver ","2024-07-27","Korea 1","Shooting","10m Air Rifle Mixed Team","Republic of Korea"
"Bronze ","2024-07-27","Kazakhstan 1","Shooting","10m Air Rifle Mixed Team","Kazakhstan"
"Gold ","2024-07-27","United States","Swimming","Men's 4 x 100m Freestyle Relay","United States of America"
"Gold ","2024-08-09","Spain","Football","Men","Spain"
"Silver ","2024-08-04","Gregorio PALTRINIERI","Swimming","Men's 1500m Freestyle","Italy"
"Bronze ","2024-08-04","Daniel WIFFEN","Swimming","Men's 1500m Freestyle","Ireland"
"Gold ","2024-08-04","China","Swimming","Men's 4 x 100m Medley Relay","People's Republic of China"
"Silver ","2024-08-04","United States","Swimming","Men's 4 x 100m Medley Relay","United States of America"
"Bronze ","2024-08-04","France","Swimming","Men's 4 x 100m Medley Relay","France"
"Gold ","2024-08-04","United States","Swimming","Women's 4 x 100m Medley Relay","United States of America"
"Bronze ","2024-08-04","China","Swimming","Women's 4 x 100m Medley Relay","People's Republic of China"
"Bronze ","2024-08-03","Brazil","Judo","Mixed Team","Brazil"
"Gold ","2024-08-10","Althea LAURIN","Taekwondo","Women +67kg","France"
"Silver ","2024-08-10","Svetlana OSIPOVA","Taekwondo","Women +67kg","Uzbekistan"
"Gold ","2024-08-10","Spain","Water Polo","Women","Spain"
"Bronze ","2024-08-10","LEE Dabin","Taekwondo","Women +67kg","Republic of Korea"
"Bronze ","2024-08-10","Nafia KUS AYDIN","Taekwondo","Women +67kg","Türkiye"
"Bronze ","2024-08-10","Netherlands","Water Polo","Women","Netherlands"
"Bronze ","2024-08-10","Gor MINASYAN","Weightlifting","Men's +102kg","Bahrain"
"Gold ","2024-08-10","LIU Huanhua","Weightlifting","Men's 102kg","People's Republic of China"
"Silver ","2024-08-10","Akbar DJURAEV","Weightlifting","Men's 102kg","Uzbekistan"
"Bronze ","2024-08-10","Yauheni TSIKHANTSOU","Weightlifting","Men's 102kg","AIN"
"Gold ","2024-08-10","Solfrid Eila Amena KOANDA","Weightlifting","Women's 81kg","Norway"
"Silver ","2024-08-10","Sara AHMED","Weightlifting","Women's 81kg","Egypt"
"Silver ","2024-08-11","Tigst ASSEFA","Athletics","Women's Marathon","Ethiopia"
"Bronze ","2024-08-11","Hellen OBIRI","Athletics","Women's Marathon","Kenya"
"Gold ","2024-08-11","United States","Basketball","Women","United States of America"
"Bronze ","2024-08-10","MOL/SORUM","Beach Volleyball","Men","Norway"
"Bronze ","2024-08-06","Sky BROWN","Skateboarding","Women's Park","Great Britain"
"Gold ","2024-08-06","Mijain LOPEZ NUNEZ","Wrestling","Men's Greco-Roman 130kg","Cuba"
"Silver ","2024-07-28","Lauren SCRUGGS","Fencing","Women's Foil Individual","United States of America"
"Gold ","2024-07-29","Thomas CECCON","Swimming","Men's 100m Backstroke","Italy"
"Silver ","2024-07-29","XU Jiayu","Swimming","Men's 100m Backstroke","People's Republic of China"
"Bronze ","2024-07-29","Ryan MURPHY","Swimming","Men's 100m Backstroke","United States of America"
"Silver ","2024-07-29","Jagger EATON","Skateboarding","Men's Street","United States of America"
"Bronze ","2024-07-27","Luigi SAMELE","Fencing","Men's Sabre Individual","Italy"
"Bronze ","2024-08-10","Serbia","Basketball","Men","Serbia"
"Silver ","2024-08-09","LUZAN/RYBACHOK","Canoe Sprint","Women's Canoe Double 500m","Ukraine"
"Bronze ","2024-08-09","MACKENZIE/VINCENT","Canoe Sprint","Women's Canoe Double 500m","Canada"
"Gold ","2024-08-09","CARRINGTON/HOSKIN","Canoe Sprint","Women's Kayak Double 500m","New Zealand"
"Bronze ","2024-08-09","PUPP/FOJT","Canoe Sprint","Women's Kayak Double 500m","Hungary"
"Gold ","2024-08-09","Harrie LAVREYSEN","Cycling Track","Men's Sprint","Netherlands"
"Silver ","2024-08-09","Matthew RICHARDSON","Cycling Track","Men's Sprint","Australia"
"Bronze ","2024-08-09","Jack CARLIN","Cycling Track","Men's Sprint","Great Britain"
"Silver ","2024-08-09","Great Britain","Cycling Track","Women's Madison","Great Britain"
"Gold ","2024-08-10","Lasha TALAKHADZE","Weightlifting","Men's +102kg","Georgia"
"Silver ","2024-08-10","Varazdat LALAYAN","Weightlifting","Men's +102kg","Armenia"
"Silver ","2024-07-29","France","Archery","Men's Team","France"
"Gold ","2024-08-03","Summer McINTOSH","Swimming","Women's 200m Individual Medley","Canada"
"Silver ","2024-07-28","Klaudia ZWOLINSKA","Canoe Slalom","Women's Kayak Single","Poland"
"Bronze ","2024-07-28","Kimberley WOODS","Canoe Slalom","Women's Kayak Single","Great Britain"
"Silver ","2024-08-10","DANY DANN","Breaking","B-Boys","France"
"Bronze ","2024-08-01","New Zealand","Rowing","Women's Four","New Zealand"
"Gold ","2024-07-29","Christa DEGUCHI","Judo","Women -57 kg","Canada"
"Gold ","2024-07-27","Lukas MAERTENS","Swimming","Men's 400m Freestyle","Germany"
"Gold ","2024-08-02","Ireland","Rowing","Lightweight Men's Double Sculls","Ireland"
"Silver ","2024-08-02","Italy","Rowing","Lightweight Men's Double Sculls","Italy"
"Silver ","2024-08-10","France","Basketball","Men","France"
"Silver ","2024-08-03","Shanieka RICKETTS","Athletics","Women's Triple Jump","Jamaica"
"Bronze ","2024-08-01","Ireland","Rowing","Men's Double Sculls","Ireland"
"Bronze ","2024-07-28","Larissa PIMENTA","Judo","Women -52 kg","Brazil"
"Silver ","2024-08-09","CSIPES/GAZSO","Canoe Sprint","Women's Kayak Double 500m","Hungary"
"Gold ","2024-08-02","Croatia","Rowing","Men's Pair","Croatia"
"Gold ","2024-08-04","Novak DJOKOVIC","Tennis","Men's Singles","Serbia"
"Silver ","2024-08-04","Carlos ALCARAZ","Tennis","Men's Singles","Spain"
"Bronze ","2024-08-05","Lithuania","3x3 Basketball","Men","Lithuania"
"Silver ","2024-08-04","Australia","Swimming","Women's 4 x 100m Medley Relay","Australia"
"Silver ","2024-07-27","Elijah WINNINGTON","Swimming","Men's 400m Freestyle","Australia"
"Bronze ","2024-07-30","Clarisse AGBEGNENOU","Judo","Women -63 kg","France"
"Gold ","2024-07-31","DENG Yawen","Cycling BMX Freestyle","Women's Park","People's Republic of China"
"Silver ","2024-07-31","Perris BENEGAS","Cycling BMX Freestyle","Women's Park","United States of America"
"Bronze ","2024-07-31","Natalya DIEHM","Cycling BMX Freestyle","Women's Park","Australia"
"Gold ","2024-08-06","Arisa TREW","Skateboarding","Women's Park","Australia"
"Silver ","2024-08-06","Yasmani ACOSTA FERNANDEZ","Wrestling","Men's Greco-Roman 130kg","Chile"
"Silver ","2024-08-10","Japan","Table Tennis","Women's Team","Japan"
"Bronze ","2024-08-06","Amin MIRZAZADEH","Wrestling","Men's Greco-Roman 130kg","Islamic Republic of Iran"
"Bronze ","2024-08-08","Alizadeh KIMIA","Taekwondo","Women -57kg","Bulgaria"
"Bronze ","2024-08-06","MENG Lingzhe","Wrestling","Men's Greco-Roman 130kg","People's Republic of China"
"Gold ","2024-08-06","FUMITA Kenichiro","Wrestling","Men's Greco-Roman 60kg","Japan"
"Silver ","2024-08-06","CAO Liguo","Wrestling","Men's Greco-Roman 60kg","People's Republic of China"
"Bronze ","2024-08-06","Zholaman SHARSHENBEKOV","Wrestling","Men's Greco-Roman 60kg","Kyrgyzstan"
"Bronze ","2024-08-06","RI Se Ung","Wrestling","Men's Greco-Roman 60kg","Democratic People's Republic of Korea"
"Bronze ","2024-07-27","KIM Woomin","Swimming","Men's 400m Freestyle","Republic of Korea"
"Gold ","2024-07-27","Australia","Swimming","Women's 4 x 100m Freestyle Relay","Australia"
"Bronze ","2024-08-01","Peter PALTCHIK","Judo","Men -100 kg","Israel"
"Bronze ","2024-07-28","Manu BHAKER","Shooting","10m Air Pistol Women","India"
"Gold ","2024-08-05","LI Yuehong","Shooting","25m Rapid Fire Pistol Men","People's Republic of China"
"Bronze ","2024-08-05","WANG Xinjie","Shooting","25m Rapid Fire Pistol Men","People's Republic of China"
"Gold ","2024-08-05","Italy 1","Shooting","Skeet Mixed Team","Italy"
"Gold ","2024-08-03","Markus ROOTH","Athletics","Men's Decathlon","Norway"
"Bronze ","2024-08-08","Osmar OLVERA IBARRA","Diving","Men's 3m Springboard","Mexico"
"Gold ","2024-08-08","Sharon van ROUWENDAAL","Marathon Swimming","Women's 10km","Netherlands"
"Bronze ","2024-08-10","Rafael ALBA","Taekwondo","Men +80kg","Cuba"
"Bronze ","2024-08-08","Spain","Canoe Sprint","Men's Kayak Four 500m","Spain"
"Gold ","2024-08-01","New Zealand","Rowing","Women's Double Sculls","New Zealand"
"Silver ","2024-08-01","Romania","Rowing","Women's Double Sculls","Romania"
"Bronze ","2024-08-01","Great Britain","Rowing","Women's Double Sculls","Great Britain"
"Gold ","2024-08-01","Netherlands","Rowing","Women's Four","Netherlands"
"Bronze ","2024-08-06","ZHAO Jie","Athletics","Women's Hammer Throw","People's Republic of China"
"Bronze ","2024-08-06","Omari JONES","Boxing","Men's 71kg","United States of America"
"Bronze ","2024-08-06","Lewis RICHARDSON","Boxing","Men's 71kg","Great Britain"
"Bronze ","2024-08-06","Nazym KYZAIBAY","Boxing","Women's 50kg","Kazakhstan"
"Bronze ","2024-08-06","Aira VILLEGAS","Boxing","Women's 50kg","Philippines"
"Gold ","2024-08-06","Kellie HARRINGTON","Boxing","Women's 60kg","Ireland"
"Silver ","2024-08-06","YANG Wenlu","Boxing","Women's 60kg","People's Republic of China"
"Bronze ","2024-08-06","Janjaem SUWANNAPHENG","Boxing","Women's 66kg","Thailand"
"Bronze ","2024-08-06","CHEN Nien Chin","Boxing","Women's 66kg","Chinese Taipei"
"Bronze ","2024-08-06","Australia","Cycling Track","Men's Team Sprint","Australia"
"Gold ","2024-08-11","Italy","Volleyball","Women","Italy"
"Gold ","2024-08-01","Alice BELLANDI","Judo","Women -78 kg","Italy"
"Bronze ","2024-08-04","Wyatt SANFORD","Boxing","Men's 63.5kg","Canada"
"Bronze ","2024-08-04","Lasha GURULI","Boxing","Men's 63.5kg","Georgia"
"Gold ","2024-08-03","Ukraine","Fencing","Women's Sabre Team","Ukraine"
"Bronze ","2024-08-04","Arlen LOPEZ CARDONA","Boxing","Men's 80kg","Cuba"
"Silver ","2024-08-10","Julia SZEREMETA","Boxing","Women's 57kg","Poland"
"Silver ","2024-07-29","HUH Mimi","Judo","Women -57 kg","Republic of Korea"
"Bronze ","2024-07-29","Sarah Leonie CYSIQUE","Judo","Women -57 kg","France"
"Gold ","2024-07-29","SHENG Lihao","Shooting","10m Air Rifle Men","People's Republic of China"
"Silver ","2024-07-29","Victor LINDGREN","Shooting","10m Air Rifle Men","Sweden"
"Bronze ","2024-07-29","Miran MARICIC","Shooting","10m Air Rifle Men","Croatia"
"Gold ","2024-07-29","BAN Hyojin","Shooting","10m Air Rifle Women","Republic of Korea"
"Silver ","2024-07-30","Bobby FINKE","Swimming","Men's 800m Freestyle","United States of America"
"Bronze ","2024-07-30","Gregorio PALTRINIERI","Swimming","Men's 800m Freestyle","Italy"
"Silver ","2024-08-05","Illia KOVTUN","Artistic Gymnastics","Men's Parallel Bars","Ukraine"
"Bronze ","2024-08-05","OKA Shinnosuke","Artistic Gymnastics","Men's Parallel Bars","Japan"
"Gold ","2024-08-05","Alice D'AMATO","Artistic Gymnastics","Women's Balance Beam","Italy"
"Silver ","2024-08-05","ZHOU Yaqin","Artistic Gymnastics","Women's Balance Beam","People's Republic of China"
"Bronze ","2024-08-05","Manila ESPOSITO","Artistic Gymnastics","Women's Balance Beam","Italy"
"Gold ","2024-08-11","Denmark","Handball","Men","Denmark"
"Bronze ","2024-07-29","FUNAKUBO Haruka","Judo","Women -57 kg","Japan"
